case,experiment,species,status,peak_temperature_K,peak_x_m,measured_peak_K,difference_K,published_constant_HS_eq3_K,peak_minus_published_eq3_K,within_experimental_uncertainty,science_target_K,within_science_target,full_column_deposit_mol,last_window_net_deposition_mol_s
PbI2_SS_Q1_baseline,PbI2_SS,PbI2,PROVISIONAL_NUMERICS,622.7220473824867,0.36999999999999994,641.15,-18.427952617513256,642.15,-19.427952617513256,False,20,True,1.727493491428421e-07,2.932376651610149e-09
PbI2_SS_Q1_baseline,PbI2_SS,BiI3,NO_DEPOSIT,,,,,,,,40,,0.0,0.0
PbI2_SS_Q1_baseline,PbI2_SS,Pb,PROVISIONAL_NUMERICS,454.87058018171734,0.45999999999999996,,,,,,,,1.9016282879766914e-19,3.1840801092596718e-21
PbI2_SS_Q1_baseline,PbI2_SS,Bi,NO_DEPOSIT,,,,,,,,,,0.0,0.0
BiI3_SiO2_800_Q1_baseline,BiI3_SiO2_800,PbI2,NOTRUN,,,,,,,,20,,,
BiI3_SiO2_800_Q1_baseline,BiI3_SiO2_800,BiI3,NOTRUN,,,479.15,,503.15,,,40,,,
BiI3_SiO2_800_Q1_baseline,BiI3_SiO2_800,Pb,NOTRUN,,,,,,,,,,,
BiI3_SiO2_800_Q1_baseline,BiI3_SiO2_800,Bi,NOTRUN,,,,,,,,,,,
LBE-I_SS_II_Q1_baseline,LBE-I_SS_II,PbI2,PROVISIONAL_NUMERICS,543.7838074677802,0.5199999999999999,561.15,-17.36619253221977,570.15,-26.36619253221977,True,20,True,1.2569878054307457e-09,2.2294096461053287e-11
LBE-I_SS_II_Q1_baseline,LBE-I_SS_II,BiI3,PROVISIONAL_NUMERICS,438.7100852994506,0.5699999999999998,427.15,11.560085299450634,449.15,-10.439914700549366,True,40,True,1.5802283573641962e-09,2.842020169951929e-11
LBE-I_SS_II_Q1_baseline,LBE-I_SS_II,Pb,PROVISIONAL_NUMERICS,320.2874676051613,0.6199999999999999,,,,,,,,1.0824560865377667e-28,7.426249730950951e-34
LBE-I_SS_II_Q1_baseline,LBE-I_SS_II,Bi,PROVISIONAL_NUMERICS,320.2874676051613,0.6199999999999999,,,,,,,,3.971760151734895e-15,7.053764496034734e-17
LBE-I_SS_II_Q2_baseline_sat0.001,LBE-I_SS_II,PbI2,PROVISIONAL_NUMERICS,543.7838074677802,0.5199999999999999,561.15,-17.36619253221977,570.15,-26.36619253221977,True,20,True,1.580025732535504e-09,2.8013429311317945e-11
LBE-I_SS_II_Q2_baseline_sat0.001,LBE-I_SS_II,BiI3,PROVISIONAL_NUMERICS,413.4688272660878,0.5799999999999998,427.15,-13.681172733912149,449.15,-35.68117273391215,True,40,True,1.3669262324627234e-09,2.4607384102159244e-11
LBE-I_SS_II_Q2_baseline_sat0.001,LBE-I_SS_II,Pb,PROVISIONAL_NUMERICS,320.2874676051613,0.6199999999999999,,,,,,,,2.8668144493502617e-28,-2.8766413589464096e-31
LBE-I_SS_II_Q2_baseline_sat0.001,LBE-I_SS_II,Bi,PROVISIONAL_NUMERICS,438.7100852994506,0.5699999999999998,,,,,,,,1.3380599648304987e-09,2.4069961242472672e-11
LBE-I_SS_II_Q2_baseline_sat0.01,LBE-I_SS_II,PbI2,PROVISIONAL_NUMERICS,524.098007249515,0.5299999999999999,561.15,-37.05199275048494,570.15,-46.05199275048494,False,20,False,1.901496046183194e-10,3.3825616834908343e-12
LBE-I_SS_II_Q2_baseline_sat0.01,LBE-I_SS_II,BiI3,PROVISIONAL_NUMERICS,438.7100852994506,0.5699999999999998,427.15,11.560085299450634,449.15,-10.439914700549366,True,40,True,2.280012770309276e-09,4.102819492846582e-11
LBE-I_SS_II_Q2_baseline_sat0.01,LBE-I_SS_II,Pb,PROVISIONAL_NUMERICS,900.1426219187396,0.29999999999999993,,,,,,,,4.450867985992742e-09,7.61045289893771e-11
LBE-I_SS_II_Q2_baseline_sat0.01,LBE-I_SS_II,Bi,PROVISIONAL_NUMERICS,851.6828354834001,0.3299999999999999,,,,,,,,1.0863884761763141e-08,1.8995285557569036e-10
LBE-I_SS_II_Q2_baseline_sat0.1,LBE-I_SS_II,PbI2,PROVISIONAL_NUMERICS,524.098007249515,0.5299999999999999,561.15,-37.05199275048494,570.15,-46.05199275048494,False,20,False,1.9022079897287286e-10,3.381869143850091e-12
LBE-I_SS_II_Q2_baseline_sat0.1,LBE-I_SS_II,BiI3,PROVISIONAL_NUMERICS,438.7100852994506,0.5699999999999998,427.15,11.560085299450634,449.15,-10.439914700549366,True,40,True,2.2799497821109414e-09,4.102869640892599e-11
LBE-I_SS_II_Q2_baseline_sat0.1,LBE-I_SS_II,Pb,PROVISIONAL_NUMERICS,997.5921189519327,0.22999999999999998,,,,,,,,3.478923162821098e-08,5.908456591997648e-10
LBE-I_SS_II_Q2_baseline_sat0.1,LBE-I_SS_II,Bi,PROVISIONAL_NUMERICS,964.0687897698401,0.25999999999999995,,,,,,,,1.1815230675106358e-07,2.0131249816006276e-09
LBE-I_SS_II_Q2_shift29k_sat0.001,LBE-I_SS_II,PbI2,PROVISIONAL_NUMERICS,543.7838074677802,0.5199999999999999,561.15,-17.36619253221977,570.15,-26.36619253221977,True,20,True,1.5800257309737436e-09,2.8013429311319832e-11
LBE-I_SS_II_Q2_shift29k_sat0.001,LBE-I_SS_II,BiI3,PROVISIONAL_NUMERICS,438.7100852994506,0.5699999999999998,427.15,11.560085299450634,449.15,-10.439914700549366,True,40,True,1.3677771548321411e-09,2.4607384422169476e-11
LBE-I_SS_II_Q2_shift29k_sat0.001,LBE-I_SS_II,Pb,PROVISIONAL_NUMERICS,331.7731781479532,0.6099999999999999,,,,,,,,5.092763382843716e-28,4.323367062779096e-30
LBE-I_SS_II_Q2_shift29k_sat0.001,LBE-I_SS_II,Bi,PROVISIONAL_NUMERICS,613.2618392925543,0.47999999999999987,,,,,,,,1.3657260166234678e-09,2.4069961790400367e-11
LBE-I_SS_II_Q2_shift29k_sat0.01,LBE-I_SS_II,PbI2,PROVISIONAL_NUMERICS,563.156005173688,0.5099999999999999,561.15,2.0060051736879814,570.15,-6.993994826312019,True,20,True,3.5627939569837315e-09,6.307525381746076e-11
LBE-I_SS_II_Q2_shift29k_sat0.01,LBE-I_SS_II,BiI3,PROVISIONAL_NUMERICS,385.1160348603218,0.59,427.15,-42.03396513967817,449.15,-64.03396513967817,False,40,False,6.806002257013078e-11,1.2328360066560111e-12
LBE-I_SS_II_Q2_shift29k_sat0.01,LBE-I_SS_II,Pb,PROVISIONAL_NUMERICS,851.6828354834001,0.3299999999999999,,,,,,,,9.57078407714743e-10,1.6412171151935987e-11
LBE-I_SS_II_Q2_shift29k_sat0.01,LBE-I_SS_II,Bi,PROVISIONAL_NUMERICS,867.5580519129941,0.31999999999999995,,,,,,,,1.340047891333181e-08,2.297627366672133e-10
LBE-I_SS_II_Q2_shift29k_sat0.1,LBE-I_SS_II,PbI2,PROVISIONAL_NUMERICS,563.156005173688,0.5099999999999999,561.15,2.0060051736879814,570.15,-6.993994826312019,True,20,True,3.5639396279532125e-09,6.309279771820266e-11
LBE-I_SS_II_Q2_shift29k_sat0.1,LBE-I_SS_II,BiI3,PROVISIONAL_NUMERICS,385.1160348603218,0.59,427.15,-42.03396513967817,449.15,-64.03396513967817,False,40,False,6.728117212612017e-11,1.2211478686672174e-12
LBE-I_SS_II_Q2_shift29k_sat0.1,LBE-I_SS_II,Pb,PROVISIONAL_NUMERICS,964.0687897698401,0.25999999999999995,,,,,,,,3.126544415146145e-08,5.311345837845023e-10
LBE-I_SS_II_Q2_shift29k_sat0.1,LBE-I_SS_II,Bi,PROVISIONAL_NUMERICS,964.0687897698401,0.25999999999999995,,,,,,,,1.207287843226339e-07,2.05290628449914e-09
LBE-I_SiO2_I_Q1_baseline,LBE-I_SiO2_I,PbI2,PROVISIONAL_NUMERICS,561.7442359586539,0.5599999999999999,579.15,-17.40576404134606,582.15,-20.40576404134606,True,20,True,2.7201819975109133e-09,4.88059949552151e-11
LBE-I_SiO2_I_Q1_baseline,LBE-I_SiO2_I,BiI3,PROVISIONAL_NUMERICS,421.8764243055101,0.6299999999999999,400.15,21.726424305510136,440.15,-18.273575694489864,True,40,True,7.29707167901478e-10,1.3346378154554039e-11
LBE-I_SiO2_I_Q1_baseline,LBE-I_SiO2_I,Pb,PROVISIONAL_NUMERICS,321.3089456412369,0.6699999999999999,,,,,,,,7.162492058163416e-28,1.671832893293026e-33
LBE-I_SiO2_I_Q1_baseline,LBE-I_SiO2_I,Bi,PROVISIONAL_NUMERICS,321.3089456412369,0.6699999999999999,,,,,,,,8.737158113114776e-15,1.5748192347234068e-16
LBE-I_SiO2_I_Q2_baseline_sat0.001,LBE-I_SiO2_I,PbI2,PROVISIONAL_NUMERICS,561.7442359586539,0.5599999999999999,579.15,-17.40576404134606,582.15,-20.40576404134606,True,20,True,2.909293040758893e-09,5.218947262175753e-11
LBE-I_SiO2_I_Q2_baseline_sat0.001,LBE-I_SiO2_I,BiI3,PROVISIONAL_NUMERICS,421.8764243055101,0.6299999999999999,400.15,21.726424305510136,440.15,-18.273575694489864,True,40,True,6.057207201737688e-10,1.1090786534802079e-11
LBE-I_SiO2_I_Q2_baseline_sat0.001,LBE-I_SiO2_I,Pb,PROVISIONAL_NUMERICS,741.5066079835864,0.43999999999999995,,,,,,,,1.3344424321553492e-10,2.335550865731473e-12
LBE-I_SiO2_I_Q2_baseline_sat0.001,LBE-I_SiO2_I,Bi,PROVISIONAL_NUMERICS,421.8764243055101,0.6299999999999999,,,,,,,,1.2339100142554528e-09,2.248964812198788e-11
LBE-I_SiO2_I_Q2_baseline_sat0.01,LBE-I_SiO2_I,PbI2,PROVISIONAL_NUMERICS,527.401008185545,0.5799999999999998,579.15,-51.74899181445494,582.15,-54.74899181445494,False,20,False,2.0269523174115254e-10,3.641355807355911e-12
LBE-I_SiO2_I_Q2_baseline_sat0.01,LBE-I_SiO2_I,BiI3,PROVISIONAL_NUMERICS,421.8764243055101,0.6299999999999999,400.15,21.726424305510136,440.15,-18.273575694489864,True,40,True,2.375300909633811e-09,4.3456339672189666e-11
LBE-I_SiO2_I_Q2_baseline_sat0.01,LBE-I_SiO2_I,Pb,PROVISIONAL_NUMERICS,913.0469181050091,0.31999999999999995,,,,,,,,5.95441612605846e-09,1.0235856841034257e-10
LBE-I_SiO2_I_Q2_baseline_sat0.01,LBE-I_SiO2_I,Bi,PROVISIONAL_NUMERICS,468.17249256054544,0.6099999999999999,,,,,,,,9.71982191142617e-09,1.724712938822845e-10
LBE-I_SiO2_I_Q2_baseline_sat0.1,LBE-I_SiO2_I,PbI2,PROVISIONAL_NUMERICS,527.401008185545,0.5799999999999998,579.15,-51.74899181445494,582.15,-54.74899181445494,False,20,False,2.028779189953304e-10,3.640370195010214e-12
LBE-I_SiO2_I_Q2_baseline_sat0.1,LBE-I_SiO2_I,BiI3,PROVISIONAL_NUMERICS,421.8764243055101,0.6299999999999999,400.15,21.726424305510136,440.15,-18.273575694489864,True,40,True,2.3753387711534925e-09,4.34570306188351e-11
LBE-I_SiO2_I_Q2_baseline_sat0.1,LBE-I_SiO2_I,Pb,PROVISIONAL_NUMERICS,985.3415206442588,0.26999999999999996,,,,,,,,3.615964946280218e-08,6.170999802381532e-10
LBE-I_SiO2_I_Q2_baseline_sat0.1,LBE-I_SiO2_I,Bi,PROVISIONAL_NUMERICS,946.9805722127414,0.29999999999999993,,,,,,,,1.1643507532144344e-07,1.995625077015264e-09
LBE-I_SiO2_I_Q2_shift29k_sat0.001,LBE-I_SiO2_I,PbI2,PROVISIONAL_NUMERICS,561.7442359586539,0.5599999999999999,579.15,-17.40576404134606,582.15,-20.40576404134606,True,20,True,3.0398835663206262e-09,5.452532780549358e-11
LBE-I_SiO2_I_Q2_shift29k_sat0.001,LBE-I_SiO2_I,BiI3,PROVISIONAL_NUMERICS,421.8764243055101,0.6299999999999999,400.15,21.726424305510136,440.15,-18.273575694489864,True,40,True,5.2087870617286e-10,9.533644127626978e-12
LBE-I_SiO2_I_Q2_shift29k_sat0.001,LBE-I_SiO2_I,Pb,PROVISIONAL_NUMERICS,336.7687500714645,0.6599999999999999,,,,,,,,4.5346187904477047e-26,8.557169104143307e-30
LBE-I_SiO2_I_Q2_shift29k_sat0.001,LBE-I_SiO2_I,Bi,PROVISIONAL_NUMERICS,612.3736095865353,0.5299999999999999,,,,,,,,1.3569716714799387e-09,2.4063420533511202e-11
LBE-I_SiO2_I_Q2_shift29k_sat0.01,LBE-I_SiO2_I,PbI2,PROVISIONAL_NUMERICS,561.7442359586539,0.5599999999999999,579.15,-17.40576404134606,582.15,-20.40576404134606,True,20,True,3.73784435304302e-09,6.700999812882032e-11
LBE-I_SiO2_I_Q2_shift29k_sat0.01,LBE-I_SiO2_I,BiI3,PROVISIONAL_NUMERICS,393.68656133155577,0.6399999999999999,400.15,-6.463438668444212,440.15,-46.46343866844421,True,40,True,6.572498801561009e-11,1.2105364358143915e-12
LBE-I_SiO2_I_Q2_shift29k_sat0.01,LBE-I_SiO2_I,Pb,PROVISIONAL_NUMERICS,887.1985175223825,0.33999999999999997,,,,,,,,2.2625742777003353e-09,3.8989325323259143e-11
LBE-I_SiO2_I_Q2_shift29k_sat0.01,LBE-I_SiO2_I,Bi,PROVISIONAL_NUMERICS,872.7619888143752,0.35,,,,,,,,1.2433828863630138e-08,2.147072949871907e-10
LBE-I_SiO2_I_Q2_shift29k_sat0.1,LBE-I_SiO2_I,PbI2,PROVISIONAL_NUMERICS,561.7442359586539,0.5599999999999999,579.15,-17.40576404134606,582.15,-20.40576404134606,True,20,True,3.7370773905468746e-09,6.699477117361685e-11
LBE-I_SiO2_I_Q2_shift29k_sat0.1,LBE-I_SiO2_I,BiI3,PROVISIONAL_NUMERICS,393.68656133155577,0.6399999999999999,400.15,-6.463438668444212,440.15,-46.46343866844421,True,40,True,6.616005550051142e-11,1.2206888620532234e-12
LBE-I_SiO2_I_Q2_shift29k_sat0.1,LBE-I_SiO2_I,Pb,PROVISIONAL_NUMERICS,985.3415206442588,0.26999999999999996,,,,,,,,3.243646921674774e-08,5.53744508807161e-10
LBE-I_SiO2_I_Q2_shift29k_sat0.1,LBE-I_SiO2_I,Bi,PROVISIONAL_NUMERICS,946.9805722127414,0.29999999999999993,,,,,,,,1.1920089013487558e-07,2.0378341200856284e-09
