case,species,projection_duration_s,status,projected_full_column_wall_mol,peak_x_cm,centroid_cm,residual_gas_I_over_3h_supply_if_inventory_steady,scope
PbI2_SS_Q1_baseline,PbI2,10800.0,CONDITIONAL_NONNEGATIVE_PROJECTION,3.1666501696682046e-05,35.99999999999999,37.272180386447914,9.997392678423711e-05,Analytical continuation of 50–60 s net wall rates; not a 3 h CFD run or cooling simulation.
PbI2_SS_Q1_baseline,I,10800.0,CONDITIONAL_NONNEGATIVE_PROJECTION,6.333300339336404e-05,35.99999999999999,37.272180386447914,9.997392678423711e-05,Analytical continuation of 50–60 s net wall rates; not a 3 h CFD run or cooling simulation.
LBE-I_SS_II_Q1_baseline,PbI2,10800.0,CONDITIONAL_NONNEGATIVE_PROJECTION,2.4069603934505757e-07,50.99999999999999,51.83924177829968,0.0003813784797776782,Analytical continuation of 50–60 s net wall rates; not a 3 h CFD run or cooling simulation.
LBE-I_SS_II_Q1_baseline,BiI3,10800.0,CONDITIONAL_NONNEGATIVE_PROJECTION,3.0681411803967866e-07,56.999999999999986,57.36158096675453,0.0003813784797776782,Analytical continuation of 50–60 s net wall rates; not a 3 h CFD run or cooling simulation.
LBE-I_SS_II_Q1_baseline,I,10800.0,CONDITIONAL_NONNEGATIVE_PROJECTION,1.4018344328091516e-06,56.999999999999986,55.465201281005925,0.0003813784797776782,Analytical continuation of 50–60 s net wall rates; not a 3 h CFD run or cooling simulation.
LBE-I_SS_II_Q2_baseline_sat0.001,PbI2,10800.0,CONDITIONAL_NONNEGATIVE_PROJECTION,3.0244491277153296e-07,50.99999999999999,51.6694378215992,0.00037626902994498945,Analytical continuation of 50–60 s net wall rates; not a 3 h CFD run or cooling simulation.
LBE-I_SS_II_Q2_baseline_sat0.001,BiI3,10800.0,CONDITIONAL_NONNEGATIVE_PROJECTION,2.656506096816894e-07,56.999999999999986,57.572105671709174,0.00037626902994498945,Analytical continuation of 50–60 s net wall rates; not a 3 h CFD run or cooling simulation.
LBE-I_SS_II_Q2_baseline_sat0.001,I,10800.0,CONDITIONAL_NONNEGATIVE_PROJECTION,1.4018416545881346e-06,56.999999999999986,55.02512490936285,0.00037626902994498945,Analytical continuation of 50–60 s net wall rates; not a 3 h CFD run or cooling simulation.
LBE-I_SS_II_Q2_baseline_sat0.01,PbI2,10800.0,CONDITIONAL_NONNEGATIVE_PROJECTION,3.767525735561771e-08,52.99999999999999,53.4078010420664,0.00040383881247782423,Analytical continuation of 50–60 s net wall rates; not a 3 h CFD run or cooling simulation.
LBE-I_SS_II_Q2_baseline_sat0.01,BiI3,10800.0,CONDITIONAL_NONNEGATIVE_PROJECTION,4.421508372059919e-07,56.999999999999986,57.35869079762782,0.00040383881247782423,Analytical continuation of 50–60 s net wall rates; not a 3 h CFD run or cooling simulation.
LBE-I_SS_II_Q2_baseline_sat0.01,I,10800.0,CONDITIONAL_NONNEGATIVE_PROJECTION,1.4018030263292136e-06,56.999999999999986,57.14632032113624,0.00040383881247782423,Analytical continuation of 50–60 s net wall rates; not a 3 h CFD run or cooling simulation.
LBE-I_SS_II_Q2_baseline_sat0.1,PbI2,10800.0,CONDITIONAL_NONNEGATIVE_PROJECTION,3.7672448882066473e-08,52.99999999999999,53.407846773714965,0.0004038317483204769,Analytical continuation of 50–60 s net wall rates; not a 3 h CFD run or cooling simulation.
LBE-I_SS_II_Q2_baseline_sat0.1,BiI3,10800.0,CONDITIONAL_NONNEGATIVE_PROJECTION,4.421527016818237e-07,56.999999999999986,57.358697886679536,0.0004038317483204769,Analytical continuation of 50–60 s net wall rates; not a 3 h CFD run or cooling simulation.
LBE-I_SS_II_Q2_baseline_sat0.1,I,10800.0,CONDITIONAL_NONNEGATIVE_PROJECTION,1.4018030028096046e-06,56.999999999999986,57.14634531460556,0.0004038317483204769,Analytical continuation of 50–60 s net wall rates; not a 3 h CFD run or cooling simulation.
LBE-I_SS_II_Q2_shift29k_sat0.001,PbI2,10800.0,CONDITIONAL_NONNEGATIVE_PROJECTION,3.024449127704394e-07,50.99999999999999,51.669438152294624,0.00037457799660085416,Analytical continuation of 50–60 s net wall rates; not a 3 h CFD run or cooling simulation.
LBE-I_SS_II_Q2_shift29k_sat0.001,BiI3,10800.0,CONDITIONAL_NONNEGATIVE_PROJECTION,2.6565140329150957e-07,56.999999999999986,57.411992576303405,0.00037457799660085416,Analytical continuation of 50–60 s net wall rates; not a 3 h CFD run or cooling simulation.
LBE-I_SS_II_Q2_shift29k_sat0.001,I,10800.0,CONDITIONAL_NONNEGATIVE_PROJECTION,1.4018440354154066e-06,56.999999999999986,54.93410441189833,0.00037457799660085416,Analytical continuation of 50–60 s net wall rates; not a 3 h CFD run or cooling simulation.
LBE-I_SS_II_Q2_shift29k_sat0.01,PbI2,10800.0,CONDITIONAL_NONNEGATIVE_PROJECTION,6.866524991566251e-07,50.99999999999999,50.98816976513242,0.00032464679885463164,Analytical continuation of 50–60 s net wall rates; not a 3 h CFD run or cooling simulation.
LBE-I_SS_II_Q2_shift29k_sat0.01,BiI3,10800.0,CONDITIONAL_NONNEGATIVE_PROJECTION,9.536352904336941e-09,59.0,58.79071733035308,0.00032464679885463164,Analytical continuation of 50–60 s net wall rates; not a 3 h CFD run or cooling simulation.
LBE-I_SS_II_Q2_shift29k_sat0.01,I,10800.0,CONDITIONAL_NONNEGATIVE_PROJECTION,1.4019140570262607e-06,50.99999999999999,51.14739745836059,0.00032464679885463164,Analytical continuation of 50–60 s net wall rates; not a 3 h CFD run or cooling simulation.
LBE-I_SS_II_Q2_shift29k_sat0.1,PbI2,10800.0,CONDITIONAL_NONNEGATIVE_PROJECTION,6.866474793369083e-07,50.99999999999999,50.988177238960596,0.0003246467566022101,Analytical continuation of 50–60 s net wall rates; not a 3 h CFD run or cooling simulation.
LBE-I_SS_II_Q2_shift29k_sat0.1,BiI3,10800.0,CONDITIONAL_NONNEGATIVE_PROJECTION,9.53970002999899e-09,59.0,58.790591533220514,0.0003246467566022101,Analytical continuation of 50–60 s net wall rates; not a 3 h CFD run or cooling simulation.
LBE-I_SS_II_Q2_shift29k_sat0.1,I,10800.0,CONDITIONAL_NONNEGATIVE_PROJECTION,1.4019140587638133e-06,50.99999999999999,51.14745809803689,0.0003246467566022101,Analytical continuation of 50–60 s net wall rates; not a 3 h CFD run or cooling simulation.
LBE-I_SiO2_I_Q1_baseline,PbI2,10800.0,CONDITIONAL_NONNEGATIVE_PROJECTION,5.268977812446747e-07,55.99999999999999,56.130295074973006,0.0004223761085493465,Analytical continuation of 50–60 s net wall rates; not a 3 h CFD run or cooling simulation.
LBE-I_SiO2_I_Q1_baseline,BiI3,10800.0,CONDITIONAL_NONNEGATIVE_PROJECTION,1.4407123846701504e-07,62.999999999999986,63.242308026674046,0.0004223761085493465,Analytical continuation of 50–60 s net wall rates; not a 3 h CFD run or cooling simulation.
LBE-I_SiO2_I_Q1_baseline,I,10800.0,CONDITIONAL_NONNEGATIVE_PROJECTION,1.4860092778903948e-06,55.99999999999999,58.19886193223983,0.0004223761085493465,Analytical continuation of 50–60 s net wall rates; not a 3 h CFD run or cooling simulation.
LBE-I_SiO2_I_Q2_baseline_sat0.001,PbI2,10800.0,CONDITIONAL_NONNEGATIVE_PROJECTION,5.621519770361678e-07,55.99999999999999,56.0700581568851,0.0004175592930546682,Analytical continuation of 50–60 s net wall rates; not a 3 h CFD run or cooling simulation.
LBE-I_SiO2_I_Q2_baseline_sat0.001,BiI3,10800.0,CONDITIONAL_NONNEGATIVE_PROJECTION,1.2057075476147887e-07,62.999999999999986,63.3859479517946,0.0004175592930546682,Analytical continuation of 50–60 s net wall rates; not a 3 h CFD run or cooling simulation.
LBE-I_SiO2_I_Q2_baseline_sat0.001,I,10800.0,CONDITIONAL_NONNEGATIVE_PROJECTION,1.4860162183567724e-06,55.99999999999999,57.85082409354379,0.0004175592930546682,Analytical continuation of 50–60 s net wall rates; not a 3 h CFD run or cooling simulation.
LBE-I_SiO2_I_Q2_baseline_sat0.01,PbI2,10800.0,CONDITIONAL_NONNEGATIVE_PROJECTION,4.032894290232659e-08,57.999999999999986,58.465975498458235,0.0004847692153093367,Analytical continuation of 50–60 s net wall rates; not a 3 h CFD run or cooling simulation.
LBE-I_SiO2_I_Q2_baseline_sat0.01,BiI3,10800.0,CONDITIONAL_NONNEGATIVE_PROJECTION,4.684195636469417e-07,62.999999999999986,62.752126824672,0.0004847692153093367,Analytical continuation of 50–60 s net wall rates; not a 3 h CFD run or cooling simulation.
LBE-I_SiO2_I_Q2_baseline_sat0.01,I,10800.0,CONDITIONAL_NONNEGATIVE_PROJECTION,1.4859165767454786e-06,62.999999999999986,62.51946779816837,0.0004847692153093367,Analytical continuation of 50–60 s net wall rates; not a 3 h CFD run or cooling simulation.
LBE-I_SiO2_I_Q2_baseline_sat0.1,PbI2,10800.0,CONDITIONAL_NONNEGATIVE_PROJECTION,4.032898187360618e-08,57.999999999999986,58.46597561053775,0.0004847525425534613,Analytical continuation of 50–60 s net wall rates; not a 3 h CFD run or cooling simulation.
LBE-I_SiO2_I_Q2_baseline_sat0.1,BiI3,10800.0,CONDITIONAL_NONNEGATIVE_PROJECTION,4.684195482350239e-07,62.999999999999986,62.75220805841333,0.0004847525425534613,Analytical continuation of 50–60 s net wall rates; not a 3 h CFD run or cooling simulation.
LBE-I_SiO2_I_Q2_baseline_sat0.1,I,10800.0,CONDITIONAL_NONNEGATIVE_PROJECTION,1.485916608452285e-06,62.999999999999986,62.51954440863218,0.0004847525425534613,Analytical continuation of 50–60 s net wall rates; not a 3 h CFD run or cooling simulation.
LBE-I_SiO2_I_Q2_shift29k_sat0.001,PbI2,10800.0,CONDITIONAL_NONNEGATIVE_PROJECTION,5.886429981648604e-07,55.99999999999999,56.029511558124234,0.00041323295708688786,Analytical continuation of 50–60 s net wall rates; not a 3 h CFD run or cooling simulation.
LBE-I_SiO2_I_Q2_shift29k_sat0.001,BiI3,10800.0,CONDITIONAL_NONNEGATIVE_PROJECTION,1.0291231652484952e-07,62.999999999999986,63.317944824157834,0.00041323295708688786,Analytical continuation of 50–60 s net wall rates; not a 3 h CFD run or cooling simulation.
LBE-I_SiO2_I_Q2_shift29k_sat0.001,I,10800.0,CONDITIONAL_NONNEGATIVE_PROJECTION,1.4860229459042697e-06,55.99999999999999,57.54376048673926,0.00041323295708688786,Analytical continuation of 50–60 s net wall rates; not a 3 h CFD run or cooling simulation.
LBE-I_SiO2_I_Q2_shift29k_sat0.01,PbI2,10800.0,CONDITIONAL_NONNEGATIVE_PROJECTION,7.279270437443181e-07,54.999999999999986,55.86291555471523,0.00039199498565595285,Analytical continuation of 50–60 s net wall rates; not a 3 h CFD run or cooling simulation.
LBE-I_SiO2_I_Q2_shift29k_sat0.01,BiI3,10800.0,CONDITIONAL_NONNEGATIVE_PROJECTION,1.0066814874562453e-08,63.99999999999999,64.12952091747327,0.00039199498565595285,Analytical continuation of 50–60 s net wall rates; not a 3 h CFD run or cooling simulation.
LBE-I_SiO2_I_Q2_shift29k_sat0.01,I,10800.0,CONDITIONAL_NONNEGATIVE_PROJECTION,1.4860545321123226e-06,54.999999999999986,56.0309142062378,0.00039199498565595285,Analytical continuation of 50–60 s net wall rates; not a 3 h CFD run or cooling simulation.
LBE-I_SiO2_I_Q2_shift29k_sat0.1,PbI2,10800.0,CONDITIONAL_NONNEGATIVE_PROJECTION,7.279265384107717e-07,54.999999999999986,55.862916151166644,0.0003920010499826793,Analytical continuation of 50–60 s net wall rates; not a 3 h CFD run or cooling simulation.
LBE-I_SiO2_I_Q2_shift29k_sat0.1,BiI3,10800.0,CONDITIONAL_NONNEGATIVE_PROJECTION,1.0067149079789112e-08,63.99999999999999,64.12951453150592,0.0003920010499826793,Analytical continuation of 50–60 s net wall rates; not a 3 h CFD run or cooling simulation.
LBE-I_SiO2_I_Q2_shift29k_sat0.1,I,10800.0,CONDITIONAL_NONNEGATIVE_PROJECTION,1.4860545240609117e-06,54.999999999999986,56.030920239031865,0.0003920010499826793,Analytical continuation of 50–60 s net wall rates; not a 3 h CFD run or cooling simulation.
