# PbI2 vapour pressure of the T-Flows reference implementation, GEMS_VAPOR_PRESSURE [bar]
# at its 95 nodes 283.15 + 10 k K, copied digit for digit from
# git -C /home/jan/src/T-Flows show 35c1f6406e8eef050b894633bcff9db63e21f06a:Tests/Laminar/Scalar_Transport_Gpu/LESTO_HKS/User_Mod/Types.f90
# (T-Flows interpolates p linearly in T and holds the end values: interpolation linearT; outOfRange hold; units bar)
# written by thermochemistry/systems/make_pv_table.py
# T_K,GEMS_VAPOR_PRESSURE
283.15,7.56693e-23
293.15,9.20216e-22
303.15,9.46520e-21
313.15,8.36874e-20
323.15,6.45075e-19
333.15,4.38915e-18
343.15,2.66508e-17
353.15,1.45824e-16
363.15,7.25270e-16
373.15,3.30415e-15
383.15,1.38842e-14
393.15,5.41452e-14
403.15,1.97061e-13
413.15,6.72744e-13
423.15,2.16401e-12
433.15,6.58643e-12
443.15,1.90393e-11
453.15,5.24493e-11
463.15,1.38132e-10
473.15,3.48776e-10
483.15,8.46527e-10
493.15,1.97982e-09
503.15,4.47165e-09
513.15,9.77361e-09
523.15,2.07114e-08
533.15,4.26273e-08
543.15,8.53487e-08
553.15,1.66490e-07
563.15,3.16858e-07
573.15,5.89103e-07
583.15,1.07125e-06
593.15,1.90747e-06
603.15,3.32923e-06
613.15,5.70133e-06
623.15,9.58860e-06
633.15,1.58509e-05
643.15,2.57764e-05
653.15,4.12658e-05
663.15,6.50829e-05
673.15,1.01191e-04
683.15,1.55200e-04
693.15,2.34947e-04
703.15,3.51254e-04
713.15,5.18891e-04
723.15,7.57792e-04
733.15,1.09458e-03
743.15,1.56446e-03
753.15,2.21351e-03
763.15,3.10151e-03
773.15,4.30532e-03
783.15,5.92287e-03
793.15,8.07800e-03
803.15,1.09260e-02
813.15,1.46601e-02
823.15,1.95192e-02
833.15,2.57960e-02
843.15,3.38477e-02
853.15,4.41060e-02
863.15,5.70908e-02
873.15,7.34231e-02
883.15,9.38413e-02
893.15,1.19218e-01
903.15,1.50578e-01
913.15,1.89121e-01
923.15,2.36240e-01
933.15,2.93549e-01
943.15,3.62906e-01
953.15,4.46440e-01
963.15,5.46581e-01
973.15,6.66092e-01
983.15,8.08097e-01
993.15,9.76114e-01
1003.15,1.17410
1013.15,1.40646
1023.15,1.67811
1033.15,1.99453
1043.15,2.36173
1053.15,2.78636
1063.15,3.27573
1073.15,3.83782
1083.15,4.48136
1093.15,5.21581
1103.15,6.05147
1113.15,6.99944
1123.15,8.07172
1133.15,9.28116
1143.15,1.06416e1
1153.15,1.21678e1
1163.15,1.38754e1
1173.15,1.57813e1
1183.15,1.79031e1
1193.15,2.02597e1
1203.15,2.28709e1
1213.15,2.57575e1
1223.15,2.89416e1
