# PbI2 equilibrium vapour pressure over its condensed phases, log10(p/Pa) of PbI2(g)
# Gurvich et al. (1991) through the NASA-9 records PbI2, PbI2(cr), PbI2(L) of NASA Glenn thermo.inp
# (file nasa_thermo.inp); p0 = 1 bar, R = 8.314462618 J/(mol K); Apache-2.0 (NASA CEA)
# each column is one phase over the whole range (crystal extrapolated above T_m, liquid below);
# p_eq = the minimum over the phases.  Melting point (crossing of the curves) T_m = 683.000002 K, a node.
# written by thermochemistry/systems/make_pv_table.py
# T_K,PbI2(cr),PbI2(l)
270.000000,-17.785195791784,-15.898627478115
275.000000,-17.200370179890,-15.355535333236
280.000000,-16.636772289753,-14.832721064191
285.000000,-16.093279843664,-14.329101281491
290.000000,-15.568848146150,-13.843667900120
295.000000,-15.062503499310,-13.375481725946
300.000000,-14.573337259760,-12.923666685761
305.000000,-14.100500104831,-12.487404626898
310.000000,-13.643197107965,-12.065930621933
315.000000,-13.200684034200,-11.658528722207
320.000000,-12.772263399544,-11.264528110931
325.000000,-12.357280858182,-10.883299612725
330.000000,-11.955121919523,-10.514252521686
335.000000,-11.565208960513,-10.156831714594
340.000000,-11.186998502671,-9.810515019834
345.000000,-10.819978726904,-9.474810816007
350.000000,-10.463667202209,-9.149255837194
355.000000,-10.117608807110,-8.833413164442
360.000000,-9.781373825005,-8.526870385299
365.000000,-9.454556196686,-8.229237905259
370.000000,-9.136771915121,-7.940147396671
375.000000,-8.827657549140,-7.659250372271
380.000000,-8.526868884145,-7.386216871802
385.000000,-8.234079669135,-7.120734251422
390.000000,-7.948980460488,-6.862506066631
395.000000,-7.671277553888,-6.611251040424
400.000000,-7.400691996659,-6.366702109167
405.000000,-7.136958673536,-6.128605539471
410.000000,-6.879825459569,-5.896720109977
415.000000,-6.629052434497,-5.670816352561
420.000000,-6.384411153435,-5.450675847992
425.000000,-6.145683969236,-5.236090571533
430.000000,-5.912663402287,-5.026862284426
435.000000,-5.685151553932,-4.822801967535
440.000000,-5.462959560027,-4.623729293791
445.000000,-5.245907081463,-4.429472136381
450.000000,-5.033821828769,-4.239866109884
455.000000,-4.826539118171,-4.054754141805
460.000000,-4.623901456705,-3.873986072206
465.000000,-4.425758154182,-3.697418279287
470.000000,-4.231964960012,-3.524913328989
475.000000,-4.042383723034,-3.356339646854
480.000000,-3.856882072686,-3.191571210479
485.000000,-3.675333119956,-3.030487261119
490.000000,-3.497615176707,-2.872972033016
495.000000,-3.323611492062,-2.718914499241
500.000000,-3.153210004664,-2.568208132851
505.000000,-2.986303109695,-2.420750682327
510.000000,-2.822787439653,-2.276443960282
515.000000,-2.662563657925,-2.135193644554
520.000000,-2.505536264324,-1.996909090835
525.000000,-2.351613411761,-1.861503156065
530.000000,-2.200706733330,-1.728892031888
535.000000,-2.052731179126,-1.598995087490
540.000000,-1.907604862145,-1.471734721229
545.000000,-1.765248912704,-1.347036220471
550.000000,-1.625587340818,-1.224827629122
555.000000,-1.488546906046,-1.105039622363
560.000000,-1.354056994324,-0.987605388133
565.000000,-1.222049501361,-0.872460514946
570.000000,-1.092458722192,-0.759542885644
575.000000,-0.965221246509,-0.648792576734
580.000000,-0.840275859422,-0.540151762959
585.000000,-0.717563447323,-0.433564626794
590.000000,-0.597026908557,-0.328977272573
595.000000,-0.478611068599,-0.226337644979
600.000000,-0.362262599499,-0.125595451623
605.000000,-0.247929943320,-0.026702089502
610.000000,-0.135563239359,0.070389424918
615.000000,-0.025114254932,0.165724522170
620.000000,0.083463680495,0.259347143030
625.000000,0.190215737987,0.351299798702
630.000000,0.295185648845,0.441623628109
635.000000,0.398415761466,0.530358452470
640.000000,0.499947095543,0.617542827297
645.000000,0.599819393729,0.703214091955
650.000000,0.698071170914,0.787408416925
655.000000,0.794739761236,0.870160848877
660.000000,0.889861362952,0.951505353690
665.000000,0.983471081272,1.031474857513
670.000000,1.075602969284,1.110101285971
675.000000,1.166290067038,1.187415601625
680.000000,1.255564438912,1.263447839760
683.000002,1.308463974545,1.308463974619
685.000000,1.343457209333,1.338227142595
690.000000,1.429998596944,1.411781791998
695.000000,1.515217947288,1.484139240774
700.000000,1.599143764086,1.555326142609
705.000000,1.681803739190,1.625368380720
710.000000,1.763224781254,1.694291095297
715.000000,1.843433043210,1.762118709776
720.000000,1.922453948587,1.828874956012
725.000000,2.000312216745,1.894582898402
730.000000,2.077031887066,1.959264957011
735.000000,2.152636342152,2.022942929745
740.000000,2.227148330091,2.085638013616
745.000000,2.300589985805,2.147370825147
750.000000,2.372982851564,2.208161419955
755.000000,2.444347896666,2.268029311546
760.000000,2.514705536342,2.326993489362
765.000000,2.584075649927,2.385072436124
770.000000,2.652477598305,2.442284144478
775.000000,2.719930240691,2.498646133004
780.000000,2.786451950760,2.554175461599
785.000000,2.852060632156,2.608888746271
790.000000,2.916773733414,2.662802173358
795.000000,2.980608262318,2.715931513215
800.000000,3.043580799714,2.768292133382
805.000000,3.105707512815,2.819899011249
810.000000,3.167004168003,2.870766746262
815.000000,3.227486143163,2.920909571658
820.000000,3.287168439570,2.970341365787
825.000000,3.346065693329,3.019075663000
830.000000,3.404192186416,3.067125664154
835.000000,3.461561857306,3.114504246727
840.000000,3.518188311236,3.161223974574
845.000000,3.574084830090,3.207297107331
850.000000,3.629264381939,3.252735609487
855.000000,3.683739630250,3.297551159128
860.000000,3.737522942764,3.341755156381
865.000000,3.790626400069,3.385358731561
870.000000,3.843061803882,3.428372753027
875.000000,3.894840685040,3.470807834779
880.000000,3.945974311215,3.512674343779
885.000000,3.996473694379,3.553982407037
890.000000,4.046349598003,3.594741918441
895.000000,4.095612544024,3.634962545365
900.000000,4.144272819572,3.674653735055
905.000000,4.192340483481,3.713824720796
910.000000,4.239825372576,3.752484527876
915.000000,4.286737107761,3.790641979355
920.000000,4.333085099905,3.828305701640
925.000000,4.378878555535,3.865484129881
930.000000,4.424126482347,3.902185513190
935.000000,4.468837694539,3.938417919689
940.000000,4.513020817974,3.974189241396
945.000000,4.556684295180,4.009507198959
950.000000,4.599836390186,4.044379346231
955.000000,4.642485193212,4.078813074707
960.000000,4.684638625210,4.112815617817
965.000000,4.726304442261,4.146394055082
970.000000,4.767490239842,4.179555316149
975.000000,4.808203456953,4.212306184692
980.000000,4.848451380123,4.244653302192
985.000000,4.888241147293,4.276603171610
990.000000,4.927579751580,4.308162160936
995.000000,4.966474044928,4.339336506638
1000.000000,5.004930741646,4.370132317003
1005.000000,5.042956431472,4.400555585004
1010.000000,5.080557544320,4.430612152855
1015.000000,5.117740411403,4.460307772962
1020.000000,5.154511229783,4.489648072277
1025.000000,5.190876075068,4.518638564832
1030.000000,5.226840904371,4.547284654525
1035.000000,5.262411559181,4.575591637821
1040.000000,5.297593768152,4.603564706384
1045.000000,5.332393149811,4.631208949622
1050.000000,5.366815215188,4.658529357165
1055.000000,5.400865370370,4.685530821272
1060.000000,5.434548918987,4.712218139163
1065.000000,5.467871064622,4.738596015292
1070.000000,5.500836913157,4.764669063552
1075.000000,5.533451475054,4.790441809415
1080.000000,5.565719667569,4.815918692018
1085.000000,5.597646316905,4.841104066186
1090.000000,5.629236160311,4.866002204403
1095.000000,5.660493848116,4.890617298719
1100.000000,5.691423945713,4.914953462618
1105.000000,5.722030935487,4.939014732824
1110.000000,5.752319218687,4.962805071061
1115.000000,5.782293117256,4.986328365767
1120.000000,5.811956875603,5.009588433757
1125.000000,5.841314662333,5.032589021849
1130.000000,5.870370571932,5.055333808436
1135.000000,5.899128626400,5.077826405022
1140.000000,5.927592776849,5.100070357721
1145.000000,5.955766905056,5.122069148705
1150.000000,5.983654824972,5.143826197624
1155.000000,6.011260284200,5.165344862985
1160.000000,6.038586965424,5.186628443494
1165.000000,6.065638487812,5.207680179361
1170.000000,6.092418408374,5.228503253582
1175.000000,6.118930223287,5.249100793169
1180.000000,6.145177369196,5.269475870368
1185.000000,6.171163224466,5.289631503834
1190.000000,6.196891110413,5.309570659776
1195.000000,6.222364292503,5.329296253080
1200.000000,6.247585981517,5.348811148397
1205.000000,6.272559334692,5.368118161207
1210.000000,6.297287456829,5.387220058854
1215.000000,6.321773401375,5.406119561558
1220.000000,6.346020171481,5.424819343397
1225.000000,6.370030721028,5.443322033273
1230.000000,6.393807955638,5.461630215841
1235.000000,6.417354733648,5.479746432433
1240.000000,6.440673867070,5.497673181940
1245.000000,6.463768122523,5.515412921686
1250.000000,6.486640222144,5.532968068277
