case,category,species,profile_L1_relative_to_base,normalised_shape_L1,deposit_relative_change,centroid_shift_cm,comparison_scope
PbI2_SS_Q1_baseline__dt1ms,numerical,PbI2,4.282870918967949e-05,4.282812718256737e-05,1.889778206027795e-09,-6.82477575342233e-05,60 s comparison
PbI2_SS_Q1_baseline__dt1ms,numerical,BiI3,,,,,60 s comparison
PbI2_SS_Q1_baseline__dt1ms,numerical,I,4.282870918975022e-05,4.282812718263673e-05,1.8897782060277953e-09,-6.824775753977441e-05,60 s comparison
LBE-I_SS_II_Q2_baseline_sat0.001__dt1ms,numerical,PbI2,5.5533843826759245e-05,5.553384361261362e-05,5.071965080857049e-12,-5.454508993363305e-05,60 s comparison
LBE-I_SS_II_Q2_baseline_sat0.001__dt1ms,numerical,BiI3,0.004075455376588736,0.004075964145818408,2.237672895047081e-05,-0.00285495368628208,60 s comparison
LBE-I_SS_II_Q2_baseline_sat0.001__dt1ms,numerical,I,0.0023257081360293455,0.002325635152573479,1.2637184233916439e-05,-0.0016036173385192143,60 s comparison
LBE-I_SS_II_Q2_baseline_sat0.01__dt1ms,numerical,PbI2,0.0035357809916563257,0.0022086511223703663,0.003521366912792308,-0.0021420894413815006,60 s comparison
LBE-I_SS_II_Q2_baseline_sat0.01__dt1ms,numerical,BiI3,0.0032108363429000017,0.0032717933066939275,-0.00017152594114659665,-0.0021207604602668795,60 s comparison
LBE-I_SS_II_Q2_baseline_sat0.01__dt1ms,numerical,I,0.003228463198105198,0.003217242051625395,2.9365755284551282e-05,-0.002872578440937801,60 s comparison
LBE-I_SS_II_Q2_shift29k_sat0.01__dt1ms,numerical,PbI2,0.0008125544246467497,0.0010708391550079256,0.0007746159194471587,-0.0008393056463051884,60 s comparison
LBE-I_SS_II_Q2_shift29k_sat0.01__dt1ms,numerical,BiI3,0.03704938861544317,0.023623622438088288,-0.03704938861544343,0.013601915872640813,60 s comparison
LBE-I_SS_II_Q2_shift29k_sat0.01__dt1ms,numerical,I,0.001535899723382269,0.0015253891632232804,1.958815638148311e-05,-0.0063343440080632085,60 s comparison
PbI2_SS_Q1_baseline__grid256x32,numerical,PbI2,0.06567757054377155,0.06569717437723537,-4.774030234131085e-05,0.07982778157596404,60 s comparison
PbI2_SS_Q1_baseline__grid256x32,numerical,BiI3,,,,,60 s comparison
PbI2_SS_Q1_baseline__grid256x32,numerical,I,0.06567757054377145,0.06569717437723518,-4.77403023411385e-05,0.07982778157595849,60 s comparison
LBE-I_SS_II_Q2_baseline_sat0.001__grid256x32,numerical,PbI2,0.0422713592647479,0.042188816957576585,-0.00012494014878882906,0.0566530868805315,60 s comparison
LBE-I_SS_II_Q2_baseline_sat0.001__grid256x32,numerical,BiI3,0.12725985433764225,0.12725459157118946,3.41589270568942e-05,0.08517020588136859,60 s comparison
LBE-I_SS_II_Q2_baseline_sat0.001__grid256x32,numerical,I,0.09022094895685392,0.09021390302796661,-3.5089483567251775e-05,0.07298998273537194,60 s comparison
LBE-I_SS_II_Q2_baseline_sat0.01__grid256x32,numerical,PbI2,0.09233360904085025,0.09365564960387361,0.005221859705218873,0.07486340399223135,60 s comparison
LBE-I_SS_II_Q2_baseline_sat0.01__grid256x32,numerical,BiI3,0.09753980404385836,0.09746248850733066,-0.0003036194942383269,0.06231447352549324,60 s comparison
LBE-I_SS_II_Q2_baseline_sat0.01__grid256x32,numerical,I,0.09720940716686938,0.0972086334502279,-3.0359317368334634e-06,0.061877496949924726,60 s comparison
LBE-I_SS_II_Q2_shift29k_sat0.01__grid256x32,numerical,PbI2,0.10197824827784777,0.10195872958096809,0.00012722508385104586,-0.007166686403881073,60 s comparison
LBE-I_SS_II_Q2_shift29k_sat0.01__grid256x32,numerical,BiI3,0.23963782591975946,0.24687694522112583,-0.009910151362023828,0.14663042542725213,60 s comparison
LBE-I_SS_II_Q2_shift29k_sat0.01__grid256x32,numerical,I,0.1047170589129745,0.10472911102893073,-7.313704010085208e-05,-0.005658877747827251,60 s comparison
PbI2_SS_Q1_baseline__grid576x72,numerical,PbI2,0.05063574187547248,0.050627543954514624,-2.761768167036582e-05,-0.05849393486694332,60 s comparison
PbI2_SS_Q1_baseline__grid576x72,numerical,BiI3,,,,,60 s comparison
PbI2_SS_Q1_baseline__grid576x72,numerical,I,0.0506357418754727,0.05062754395451481,-2.7617681670365825e-05,-0.05849393486694332,60 s comparison
LBE-I_SS_II_Q2_baseline_sat0.001__grid576x72,numerical,PbI2,0.06995487414372449,0.06995999338124027,-5.320880592560642e-05,-0.028913311978773226,60 s comparison
LBE-I_SS_II_Q2_baseline_sat0.001__grid576x72,numerical,BiI3,0.039175276887390836,0.03917594628597627,1.304071602456476e-05,0.008380308504019052,60 s comparison
LBE-I_SS_II_Q2_baseline_sat0.001__grid576x72,numerical,I,0.052570616274927956,0.052570820182166966,-1.579461237236098e-05,-0.007755140164600327,60 s comparison
LBE-I_SS_II_Q2_baseline_sat0.01__grid576x72,numerical,PbI2,0.05830330527916077,0.058969756810215435,-0.0017665096750127819,-0.013948929148399625,60 s comparison
LBE-I_SS_II_Q2_baseline_sat0.01__grid576x72,numerical,BiI3,0.018386332282539133,0.018370539743265833,-3.901299718940163e-05,0.002253943315144724,60 s comparison
LBE-I_SS_II_Q2_baseline_sat0.01__grid576x72,numerical,I,0.02055621914951745,0.020508037401419283,-0.00013298803299855865,0.0017251593717793057,60 s comparison
LBE-I_SS_II_Q2_shift29k_sat0.01__grid576x72,numerical,PbI2,0.10668327740090894,0.10664257532224461,-0.00014769637754298768,-0.06709503570714315,60 s comparison
LBE-I_SS_II_Q2_shift29k_sat0.01__grid576x72,numerical,BiI3,0.06054267509329274,0.058755610178382656,0.004042946036824127,-0.0022508028380552325,60 s comparison
LBE-I_SS_II_Q2_shift29k_sat0.01__grid576x72,numerical,I,0.10576198622318972,0.10574525815392163,-6.404443727812964e-05,-0.06515570365208667,60 s comparison
PbI2_SS_Q1_baseline__D5e-05,transport,PbI2,0.142012254843011,0.1419863028106443,-0.00015638719291188226,0.2300923355745721,60 s comparison
PbI2_SS_Q1_baseline__D5e-05,transport,BiI3,,,,,60 s comparison
PbI2_SS_Q1_baseline__D5e-05,transport,I,0.14201225484301092,0.1419863028106442,-0.00015638719291170995,0.230092335574561,60 s comparison
PbI2_SS_Q1_baseline__D0.0002,transport,PbI2,0.07249918629680914,0.07251780054304263,6.77015360933426e-05,-0.08828619765355317,60 s comparison
PbI2_SS_Q1_baseline__D0.0002,transport,BiI3,,,,,60 s comparison
PbI2_SS_Q1_baseline__D0.0002,transport,I,0.07249918629680935,0.0725178005430429,6.770153609351498e-05,-0.08828619765356427,60 s comparison
PbI2_SS_Q1_baseline__alpha0.1,kinetics,PbI2,0.004082218200354644,0.004083740965749478,-4.362956479905677e-06,0.0051901825516842415,60 s comparison
PbI2_SS_Q1_baseline__alpha0.1,kinetics,BiI3,,,,,60 s comparison
PbI2_SS_Q1_baseline__alpha0.1,kinetics,I,0.004082218200354483,0.004083740965749347,-4.362956479905678e-06,0.00519018255167869,60 s comparison
PbI2_SS_Q1_baseline__alpha0.01,kinetics,PbI2,0.042136481551676916,0.04215506825354922,-4.801614234401833e-05,0.05655009557967716,60 s comparison
PbI2_SS_Q1_baseline__alpha0.01,kinetics,BiI3,,,,,60 s comparison
PbI2_SS_Q1_baseline__alpha0.01,kinetics,I,0.04213648155167673,0.04215506825354894,-4.801614234384598e-05,0.05655009557967161,60 s comparison
PbI2_SS_Q1_baseline__boatupstream,source_geometry,PbI2,0.0007759407516537071,3.2477739591269515e-05,-0.000775940751653772,5.105452597908844e-05,60 s comparison
PbI2_SS_Q1_baseline__boatupstream,source_geometry,BiI3,,,,,60 s comparison
PbI2_SS_Q1_baseline__boatupstream,source_geometry,I,0.000775940751653578,3.247773959107218e-05,-0.0007759407516535999,5.1054525973537324e-05,60 s comparison
PbI2_SS_Q1_baseline__boatdownstream,source_geometry,PbI2,0.0007878562829845296,2.776600659015346e-05,0.0007878562829846591,-4.372604374136557e-05,60 s comparison
PbI2_SS_Q1_baseline__boatdownstream,source_geometry,BiI3,,,,,60 s comparison
PbI2_SS_Q1_baseline__boatdownstream,source_geometry,I,0.0007878562829846271,2.7766006590169584e-05,0.0007878562829848316,-4.372604374691669e-05,60 s comparison
PbI2_SS_Q1_baseline__PbI2He,transport,PbI2,0.02273538830674912,0.022732477338087094,-9.45325433557689e-06,-0.02278448346787476,60 s comparison
PbI2_SS_Q1_baseline__PbI2He,transport,BiI3,,,,,60 s comparison
PbI2_SS_Q1_baseline__PbI2He,transport,I,0.02273538830674925,0.02273247733808723,-9.453254335576892e-06,-0.02278448346787476,60 s comparison
LBE-I_SS_II_Q2_baseline_sat0.001__D5e-05,transport,PbI2,0.0470785600723081,0.04708190230671314,-0.00016044097131135058,0.042640091198042906,60 s comparison
LBE-I_SS_II_Q2_baseline_sat0.001__D5e-05,transport,BiI3,0.031662927470432846,0.03148093474725082,-0.00021380743869760062,0.025614110190685935,60 s comparison
LBE-I_SS_II_Q2_baseline_sat0.001__D5e-05,transport,I,0.03829292703368522,0.03820297722787842,-0.0001905795033531403,0.03294750886916331,60 s comparison
LBE-I_SS_II_Q2_baseline_sat0.001__D0.0002,transport,PbI2,0.06371530721431619,0.06371335869963955,9.043660921087173e-05,0.046627117653907924,60 s comparison
LBE-I_SS_II_Q2_baseline_sat0.001__D0.0002,transport,BiI3,0.11780497184774874,0.11776692822618523,0.0002757003760682912,0.061799698902242906,60 s comparison
LBE-I_SS_II_Q2_baseline_sat0.001__D0.0002,transport,I,0.09425274397132243,0.09423576091925623,0.0001950636952269192,0.055465206492955055,60 s comparison
LBE-I_SS_II_Q2_baseline_sat0.001__alpha0.1,kinetics,PbI2,0.0020308860280288457,0.002030766581835028,-4.931802058214537e-06,0.001699313427161453,60 s comparison
LBE-I_SS_II_Q2_baseline_sat0.001__alpha0.1,kinetics,BiI3,0.003686760273905756,0.003687008232380359,-8.129917972082608e-06,0.0026473237885182854,60 s comparison
LBE-I_SS_II_Q2_baseline_sat0.001__alpha0.1,kinetics,I,0.002964320863475145,0.002964364263032526,-6.7379272087804756e-06,0.0022300583705114896,60 s comparison
LBE-I_SS_II_Q2_baseline_sat0.001__alpha0.01,kinetics,PbI2,0.02247022571032566,0.022470020563004622,-5.42670412925826e-05,0.019257715764164907,60 s comparison
LBE-I_SS_II_Q2_baseline_sat0.001__alpha0.01,kinetics,BiI3,0.03848383024574738,0.03848944163688839,-8.592993210549161e-05,0.028608275753472245,60 s comparison
LBE-I_SS_II_Q2_baseline_sat0.001__alpha0.01,kinetics,I,0.03149364092546547,0.031496164168416003,-7.214855183703207e-05,0.024492399297515455,60 s comparison
LBE-I_SS_II_Q2_baseline_sat0.001__boatupstream,source_geometry,PbI2,0.0016681943354782754,6.165316478773871e-05,-0.0016681943354782342,6.0257004463881714e-05,60 s comparison
LBE-I_SS_II_Q2_baseline_sat0.001__boatupstream,source_geometry,BiI3,0.0016885419743325279,0.0001284692468000908,-0.0016885419743324947,-0.0001251217422115758,60 s comparison
LBE-I_SS_II_Q2_baseline_sat0.001__boatupstream,source_geometry,I,0.0016796855957324863,9.9300619619193e-05,-0.0016796855957324844,-7.400474881791297e-05,60 s comparison
LBE-I_SS_II_Q2_baseline_sat0.001__boatdownstream,source_geometry,PbI2,0.001655912656535951,5.062821980373403e-05,0.0016559126565358995,-4.953151513387155e-05,60 s comparison
LBE-I_SS_II_Q2_baseline_sat0.001__boatdownstream,source_geometry,BiI3,0.0016890581937271374,0.0002463158037709885,0.0016890581937271637,-0.00015932531646223325,60 s comparison
LBE-I_SS_II_Q2_baseline_sat0.001__boatdownstream,source_geometry,I,0.0016746314866102042,0.00016057517816660027,0.0016746314866101153,-6.35298981976895e-05,60 s comparison
LBE-I_SS_II_Q2_baseline_sat0.001__PbI2He,transport,PbI2,0.003397691798775592,0.0034494999949063717,-0.0001511457918911675,0.0005518672969384575,60 s comparison
LBE-I_SS_II_Q2_baseline_sat0.001__PbI2He,transport,BiI3,1.800008149829644e-14,1.4499785516508403e-14,-1.803574210305737e-14,1.1102230246251565e-14,60 s comparison
LBE-I_SS_II_Q2_baseline_sat0.001__PbI2He,transport,I,0.001478856841899312,0.0015258261042506494,-6.578671690551352e-05,0.0004594830807058692,60 s comparison
LBE-I_SS_II_Q2_baseline_sat0.01__D5e-05,transport,PbI2,0.082189365893552,0.08499874551091778,0.012041828885100647,0.032926784342546256,60 s comparison
LBE-I_SS_II_Q2_baseline_sat0.01__D5e-05,transport,BiI3,0.04408617057963955,0.043793172625970364,-0.0009503185924987715,0.03470522874541304,60 s comparison
LBE-I_SS_II_Q2_baseline_sat0.01__D5e-05,transport,I,0.046092164400946135,0.0460180049222021,-0.00024355166199448242,0.03196566099584741,60 s comparison
LBE-I_SS_II_Q2_baseline_sat0.01__D0.0002,transport,PbI2,0.026486845707899012,0.028530955244400507,-0.0020441707761873003,0.02719480114398154,60 s comparison
LBE-I_SS_II_Q2_baseline_sat0.01__D0.0002,transport,BiI3,0.0690973493431944,0.0692015587594071,0.00036325736804572673,0.036127698898391625,60 s comparison
LBE-I_SS_II_Q2_baseline_sat0.01__D0.0002,transport,I,0.06676987052648121,0.06682034308860806,0.00023229436883071214,0.03613211748173528,60 s comparison
LBE-I_SS_II_Q2_baseline_sat0.01__alpha0.1,kinetics,PbI2,0.0027508316079975772,0.002749215540693598,-5.121409621152689e-06,0.0017122777045575077,60 s comparison
LBE-I_SS_II_Q2_baseline_sat0.01__alpha0.1,kinetics,BiI3,0.00361826220369057,0.0036161647557042473,-6.0186320150899295e-06,0.0023012142173262085,60 s comparison
LBE-I_SS_II_Q2_baseline_sat0.01__alpha0.1,kinetics,I,0.0035693596847861547,0.003567288499495258,-5.969823523982762e-06,0.002268993926268781,60 s comparison
LBE-I_SS_II_Q2_baseline_sat0.01__alpha0.01,kinetics,PbI2,0.030069150531526763,0.0300529561303162,-5.618227261876477e-05,0.01938384440175467,60 s comparison
LBE-I_SS_II_Q2_baseline_sat0.01__alpha0.01,kinetics,BiI3,0.03709415593220661,0.037066277355661884,-8.849151602891508e-05,0.024541641799546987,60 s comparison
LBE-I_SS_II_Q2_baseline_sat0.01__alpha0.01,kinetics,I,0.03669179280687342,0.03666457178777922,-8.67339078406065e-05,0.024254483130881077,60 s comparison
LBE-I_SS_II_Q2_baseline_sat0.01__boatupstream,source_geometry,PbI2,0.00171207937413632,7.552832489871568e-05,-0.0017120793741364918,6.820176099431308e-05,60 s comparison
LBE-I_SS_II_Q2_baseline_sat0.01__boatupstream,source_geometry,BiI3,0.0016917636001589228,0.00021899742549161668,-0.0016917636001588829,0.00014018918962355187,60 s comparison
LBE-I_SS_II_Q2_baseline_sat0.01__boatupstream,source_geometry,I,0.001692868769049797,0.0002111319006210229,-0.001692868769049838,0.0001404098892821004,60 s comparison
LBE-I_SS_II_Q2_baseline_sat0.01__boatdownstream,source_geometry,PbI2,0.0015438452569904284,3.845253034237894e-05,0.0015438452569901371,3.324476675059529e-05,60 s comparison
LBE-I_SS_II_Q2_baseline_sat0.01__boatdownstream,source_geometry,BiI3,0.0016893338076322832,0.0001331602087491778,0.0016893338074577668,6.979430574594048e-05,60 s comparison
LBE-I_SS_II_Q2_baseline_sat0.01__boatdownstream,source_geometry,I,0.0016814192964599707,0.00013072176430920654,0.0016814192962948016,9.733095615027665e-05,60 s comparison
LBE-I_SS_II_Q2_baseline_sat0.01__PbI2He,transport,PbI2,0.020448662720777507,0.01834066638908521,-0.007027595716711891,0.007116141412333299,60 s comparison
LBE-I_SS_II_Q2_baseline_sat0.01__PbI2He,transport,BiI3,0.00040955072357571373,9.654594774849552e-05,0.00039279991773689325,-6.861165918747858e-05,60 s comparison
LBE-I_SS_II_Q2_baseline_sat0.01__PbI2He,transport,I,0.0014987715163775265,0.0015081840553103237,-1.0866239434594546e-05,0.0018278962716888891,60 s comparison
LBE-I_SiO2_I_Q2_baseline_sat0.001__D5e-05,transport,PbI2,0.05120830256761727,0.051237854204278184,6.486958817439255e-05,0.054778833856050646,60 s comparison
LBE-I_SiO2_I_Q2_baseline_sat0.001__D5e-05,transport,BiI3,0.02411429394596241,0.02383100027024491,-0.0011408915712483776,0.023895759622716284,60 s comparison
LBE-I_SiO2_I_Q2_baseline_sat0.001__D5e-05,transport,I,0.044692357570690004,0.04460136683791421,-0.00022410209455181056,0.04577675624758415,60 s comparison
LBE-I_SiO2_I_Q2_baseline_sat0.001__D0.0002,transport,PbI2,0.06830440403015513,0.06830116983813032,2.0644789755334325e-05,0.05235054318659671,60 s comparison
LBE-I_SiO2_I_Q2_baseline_sat0.001__D0.0002,transport,BiI3,0.12917492976033748,0.12926723519158198,0.0006389940428434393,0.06533984683714245,60 s comparison
LBE-I_SiO2_I_Q2_baseline_sat0.001__D0.0002,transport,I,0.08289254878354983,0.08287828862129148,0.0001688378400794736,0.05628903681613728,60 s comparison
LBE-I_SiO2_I_Q2_baseline_sat0.001__alpha0.1,kinetics,PbI2,0.002327850269765535,0.002329931422246698,-5.280871509243344e-06,0.002424209355555984,60 s comparison
LBE-I_SiO2_I_Q2_baseline_sat0.001__alpha0.1,kinetics,BiI3,0.0029188234698588416,0.0029159272859445207,-1.0757525318498107e-05,0.0018793770439229363,60 s comparison
LBE-I_SiO2_I_Q2_baseline_sat0.001__alpha0.1,kinetics,I,0.0024688006854082533,0.002470350488176023,-6.593401652155784e-06,0.0022863362740599413,60 s comparison
LBE-I_SiO2_I_Q2_baseline_sat0.001__alpha0.01,kinetics,PbI2,0.024440816507265636,0.02446530426349269,-5.883255507767486e-05,0.02625175693000692,60 s comparison
LBE-I_SiO2_I_Q2_baseline_sat0.001__alpha0.01,kinetics,BiI3,0.032560841624447806,0.03253593817818345,-0.00010393586162466303,0.021585062091467044,60 s comparison
LBE-I_SiO2_I_Q2_baseline_sat0.001__alpha0.01,kinetics,I,0.02637913886186711,0.026397174769750863,-6.964197474374605e-05,0.025073259286023664,60 s comparison
LBE-I_SiO2_I_Q2_baseline_sat0.001__boatupstream,source_geometry,PbI2,0.0018763977293319528,5.535636024959708e-05,-0.0018763977293321063,7.8252412405444e-05,60 s comparison
LBE-I_SiO2_I_Q2_baseline_sat0.001__boatupstream,source_geometry,BiI3,0.001923395633625685,0.0004929120534986672,-0.0019233956336254564,0.0002149921149330325,60 s comparison
LBE-I_SiO2_I_Q2_baseline_sat0.001__boatupstream,source_geometry,I,0.001887661206665205,0.0001653069013431291,-0.0018876612066651738,4.826274180302903e-05,60 s comparison
LBE-I_SiO2_I_Q2_baseline_sat0.001__boatdownstream,source_geometry,PbI2,0.0018434653719997245,4.48855312740984e-05,0.0018434653719996187,-6.397154030945984e-05,60 s comparison
LBE-I_SiO2_I_Q2_baseline_sat0.001__boatdownstream,source_geometry,BiI3,0.0018751801856608486,0.00040350340876234086,0.0018751801856610028,0.00015567226792079225,60 s comparison
LBE-I_SiO2_I_Q2_baseline_sat0.001__boatdownstream,source_geometry,I,0.0018510661169726292,0.0001311669848437778,0.0018510661169727032,3.086221992409932e-05,60 s comparison
LBE-I_SiO2_I_Q2_baseline_sat0.001__PbI2He,transport,PbI2,0.003018979099560556,0.0030139243794525816,-0.00016730370957124602,0.0005039857582822549,60 s comparison
LBE-I_SiO2_I_Q2_baseline_sat0.001__PbI2He,transport,BiI3,0.0003989821787978198,0.0003994036576422358,1.5509985139510008e-06,0.00020278887353786246,60 s comparison
LBE-I_SiO2_I_Q2_baseline_sat0.001__PbI2He,transport,I,0.0023817048371861027,0.0023705198494374047,-0.00012683613541664027,0.0006568777010440563,60 s comparison
LBE-I_SS_II_Q2_baseline_sat0.01__sat0.002,source_loading,PbI2,7.7835181290331095,1.6991718648756373,7.7835181290331095,-1.7999438810378798,60 s comparison
LBE-I_SS_II_Q2_baseline_sat0.01__sat0.002,source_loading,BiI3,0.4414372331155346,0.4381333443235917,-0.4414372226759812,0.2480436983537171,60 s comparison
LBE-I_SS_II_Q2_baseline_sat0.01__sat0.002,source_loading,I,0.8408419392202421,0.8411448940475487,0.005996618225653099,-2.386659432253735,60 s comparison
LBE-I_SS_II_Q2_baseline_sat0.01__sat0.00316227766,source_loading,PbI2,4.424859791627124,1.532778928829675,4.424859791627124,-1.427595270731663,60 s comparison
LBE-I_SS_II_Q2_baseline_sat0.01__sat0.00316227766,source_loading,BiI3,0.2511546150378607,0.1945481004868415,-0.2511546112180452,0.10961912452165379,60 s comparison
LBE-I_SS_II_Q2_baseline_sat0.01__sat0.00316227766,source_loading,I,0.47820132357564515,0.4795271387769906,0.003218451602487561,-1.290043821568887,60 s comparison
LBE-I_SS_II_Q2_baseline_sat0.01__sat0.00562341325,source_loading,PbI2,0.0001622916339914997,0.00010696783433578146,0.00015946358058372608,-0.00010482498664643458,60 s comparison
LBE-I_SS_II_Q2_baseline_sat0.01__sat0.00562341325,source_loading,BiI3,0.0003291850402905016,0.0003241574947021989,-1.4286287031086306e-05,0.0001923285346538961,60 s comparison
LBE-I_SS_II_Q2_baseline_sat0.01__sat0.00562341325,source_loading,I,0.00032010566015018484,0.0003186844542077187,-4.834373033282244e-06,0.0001408415508663552,60 s comparison
LBE-I_SS_II_Q2_shift29k_sat0.01__sat0.002,source_loading,PbI2,0.47030138996738874,0.5752103039724556,-0.4703013899673887,0.5533032721420472,60 s comparison
LBE-I_SS_II_Q2_shift29k_sat0.01__sat0.002,source_loading,BiI3,22.678880176604903,1.391272298389639,22.6788801766049,-1.3082922297870225,60 s comparison
LBE-I_SS_II_Q2_shift29k_sat0.01__sat0.002,source_loading,I,0.9136199774822921,0.9138620898277342,-0.008206617350365075,3.2283895081001712,60 s comparison
LBE-I_SS_II_Q2_shift29k_sat0.01__sat0.00316227766,source_loading,PbI2,0.3657396583778843,0.5495577894282413,-0.36573965837788425,0.45022928926914396,60 s comparison
LBE-I_SS_II_Q2_shift29k_sat0.01__sat0.00316227766,source_loading,BiI3,17.625927700586534,1.3668742370444023,17.625927700586534,-1.195597999712139,60 s comparison
LBE-I_SS_II_Q2_shift29k_sat0.01__sat0.00316227766,source_loading,I,0.7102805057988592,0.709214909856241,-0.006597136931376715,2.5983822685222147,60 s comparison
LBE-I_SS_II_Q2_shift29k_sat0.01__sat0.00562341325,source_loading,PbI2,0.14409500887418747,0.2127302170972321,-0.14409500887418747,0.15998386108825313,60 s comparison
LBE-I_SS_II_Q2_shift29k_sat0.01__sat0.00562341325,source_loading,BiI3,6.934175702240437,1.2180812431000108,6.934175702240437,-0.6722785669189602,60 s comparison
LBE-I_SS_II_Q2_shift29k_sat0.01__sat0.00562341325,source_loading,I,0.27963584626998167,0.2782522352648944,-0.0028013788869670443,1.1111280349048513,60 s comparison
LBE-I_SiO2_I_Q2_baseline_sat0.01__sat0.002,source_loading,PbI2,10.269359483268476,1.6769519701254858,10.269359483268476,-2.1774108057107555,60 s comparison
LBE-I_SiO2_I_Q2_baseline_sat0.01__sat0.002,source_loading,BiI3,0.5880514067215183,0.7165232970197898,-0.5880514067215182,0.508064483708115,60 s comparison
LBE-I_SiO2_I_Q2_baseline_sat0.01__sat0.002,source_loading,I,1.1213625924666817,1.1190725974379165,0.010050504416765468,-3.5416064477708398,60 s comparison
LBE-I_SiO2_I_Q2_baseline_sat0.01__sat0.00316227766,source_loading,PbI2,7.11968193298118,1.5863186865442225,7.119681932981179,-1.9090813650486815,60 s comparison
LBE-I_SiO2_I_Q2_baseline_sat0.01__sat0.00316227766,source_loading,BiI3,0.4080187677475971,0.5663640135421666,-0.40801876774759704,0.35871211012626913,60 s comparison
LBE-I_SiO2_I_Q2_baseline_sat0.01__sat0.00316227766,source_loading,I,0.777741500370911,0.7784876329604884,0.006659484848867983,-2.3179130914029566,60 s comparison
LBE-I_SiO2_I_Q2_baseline_sat0.01__sat0.00562341325,source_loading,PbI2,0.6924234558375526,0.4102897929088776,0.6924234558375526,-0.4102850777048195,60 s comparison
LBE-I_SiO2_I_Q2_baseline_sat0.01__sat0.00562341325,source_loading,BiI3,0.03979626628781949,0.034627287897098555,-0.039796264560098396,0.021943539967950176,60 s comparison
LBE-I_SiO2_I_Q2_baseline_sat0.01__sat0.00562341325,source_loading,I,0.07574672098835131,0.07618594625941583,0.0005395041218011769,-0.18166608026434217,60 s comparison
LBE-I_SiO2_I_Q2_shift29k_sat0.01__sat0.002,source_loading,PbI2,0.10675134985909338,0.10129307935197165,-0.10675134985909342,0.08513909323224489,60 s comparison
LBE-I_SiO2_I_Q2_shift29k_sat0.01__sat0.002,source_loading,BiI3,5.167030876485964,1.000793018190034,5.167030876485964,-0.6327948501985148,60 s comparison
LBE-I_SiO2_I_Q2_shift29k_sat0.01__sat0.002,source_loading,I,0.20694213878634873,0.20543896035171583,-0.0023333097798937563,0.8451405344175211,60 s comparison
LBE-I_SiO2_I_Q2_shift29k_sat0.01__sat0.00316227766,source_loading,PbI2,0.008013143539490501,0.008338286634421727,-0.008013143539490545,0.006518905724339774,60 s comparison
LBE-I_SiO2_I_Q2_shift29k_sat0.01__sat0.00316227766,source_loading,BiI3,0.3871880446355137,0.08142947577050871,0.3871880446355134,-0.049352534340030285,60 s comparison
LBE-I_SiO2_I_Q2_shift29k_sat0.01__sat0.00316227766,source_loading,I,0.015520601041338117,0.015373121917532314,-0.00018837343425936426,0.06838448852838352,60 s comparison
LBE-I_SiO2_I_Q2_shift29k_sat0.01__sat0.00562341325,source_loading,PbI2,2.1790956706590593e-05,1.688486995087294e-05,-2.1790956706578206e-05,1.391086900115468e-05,60 s comparison
LBE-I_SiO2_I_Q2_shift29k_sat0.01__sat0.00562341325,source_loading,BiI3,0.0010911096219175032,0.00024023271475611302,0.001091109621917612,-0.000144251819300667,60 s comparison
LBE-I_SiO2_I_Q2_shift29k_sat0.01__sat0.00562341325,source_loading,I,4.296283800701776e-05,4.319702565314328e-05,2.438737501224916e-07,0.00018928005630636235,60 s comparison
PbI2_SS_Q1_baseline__flow0C,flow_reference,PbI2,0.10930853535859353,0.1086573542084858,0.001435600171920256,0.12284820872919266,60 s comparison
PbI2_SS_Q1_baseline__flow0C,flow_reference,BiI3,,,,,60 s comparison
PbI2_SS_Q1_baseline__flow0C,flow_reference,I,0.10930853535859342,0.10865735420848563,0.0014356001719202562,0.12284820872919266,60 s comparison
LBE-I_SS_II_Q2_baseline_sat0.001__flow0C,flow_reference,PbI2,0.06472976772295887,0.06420198428502995,0.02394858076694271,0.05321754832295911,60 s comparison
LBE-I_SS_II_Q2_baseline_sat0.001__flow0C,flow_reference,BiI3,0.07827137870967105,0.07908856713213731,-0.007716523959043442,0.04691014977532548,60 s comparison
LBE-I_SS_II_Q2_baseline_sat0.001__flow0C,flow_reference,I,0.07235129195481532,0.07193586680665708,0.006065819922375296,0.004040525867410327,60 s comparison
LBE-I_SS_II_Q2_baseline_sat0.01__flow0C,flow_reference,PbI2,0.07038936358534326,0.0679708012015569,-0.008673061596045358,0.05945914784758477,60 s comparison
LBE-I_SS_II_Q2_baseline_sat0.01__flow0C,flow_reference,BiI3,0.04978118792444191,0.05197482105462183,0.007308850769439183,0.030040057782321217,60 s comparison
LBE-I_SS_II_Q2_baseline_sat0.01__flow0C,flow_reference,I,0.05087611134200637,0.052803169408619476,0.006439441984969953,0.0348443614126448,60 s comparison
LBE-I_SiO2_I_Q2_baseline_sat0.001__flow0C,flow_reference,PbI2,0.10825387390709308,0.11415646268373904,-0.011667059408795625,0.0996482345780092,60 s comparison
LBE-I_SiO2_I_Q2_baseline_sat0.001__flow0C,flow_reference,BiI3,0.06364802631795956,0.015971047915153618,0.06364802631795975,0.00945940210476115,60 s comparison
LBE-I_SiO2_I_Q2_baseline_sat0.001__flow0C,flow_reference,I,0.09756367482701282,0.09353563793343304,0.006382889278839269,0.17655045101290234,60 s comparison
LBE-I_SiO2_I_Q1_baseline__curveShiftPbI2,silica_alignment,PbI2,1.9510211986267052,1.9461801337863194,0.005116430442280916,-4.152760873799544,60 s comparison
LBE-I_SiO2_I_Q1_baseline__curveShiftPbI2,silica_alignment,BiI3,2.0053338483165217,1.9999846104374108,0.0053493202028087,-4.053588622105176,60 s comparison
LBE-I_SiO2_I_Q1_baseline__curveShiftPbI2,silica_alignment,I,1.9250007892108756,1.9200168672628015,0.0051832160116867445,-4.12397973748827,60 s comparison
LBE-I_SiO2_I_Q2_baseline_sat0.001__curveShiftPbI2,silica_alignment,PbI2,1.9543726335762819,1.9495508128881758,0.005078001748468532,-4.140136435675734,60 s comparison
LBE-I_SiO2_I_Q2_baseline_sat0.001__curveShiftPbI2,silica_alignment,BiI3,2.005131225239733,1.9999612994091098,0.005170125917550665,-4.070771886749036,60 s comparison
LBE-I_SiO2_I_Q2_baseline_sat0.001__curveShiftPbI2,silica_alignment,I,1.9248527402007587,1.91994926035187,0.005100080147620403,-4.123389264756694,60 s comparison
LBE-I_SiO2_I_Q1_baseline__curveShiftBiI3,silica_alignment,PbI2,1.9832850668736275,1.9775930193072677,0.0058225124913360736,-4.554300534980504,60 s comparison
LBE-I_SiO2_I_Q1_baseline__curveShiftBiI3,silica_alignment,BiI3,2.0059812811172137,1.999994649450152,0.0059866636990042596,-4.74957373663194,60 s comparison
LBE-I_SiO2_I_Q1_baseline__curveShiftBiI3,silica_alignment,I,1.8473962225453557,1.8416237756041496,0.005869585973003706,-4.610068053265747,60 s comparison
LBE-I_SiO2_I_Q2_baseline_sat0.001__curveShiftBiI3,silica_alignment,PbI2,1.9846709979473316,1.9789971760373757,0.005795544715380663,-4.535421341541479,60 s comparison
LBE-I_SiO2_I_Q2_baseline_sat0.001__curveShiftBiI3,silica_alignment,BiI3,2.0057584938758097,1.9999880382186397,0.005770524682924216,-4.677645522882523,60 s comparison
LBE-I_SiO2_I_Q2_baseline_sat0.001__curveShiftBiI3,silica_alignment,I,1.846845650898015,1.841155140510225,0.005789548435914721,-4.569539177737491,60 s comparison
PbI2_SS_Q1_baseline__flowStop60to80,shutdown,PbI2,0.01102025671393174,0.010862617663361992,0.00044305482301925314,0.012737171630861077,80 s isothermal shutdown vs original 60 s inventory
PbI2_SS_Q1_baseline__flowStop60to80,shutdown,BiI3,,,,,80 s isothermal shutdown vs original 60 s inventory
PbI2_SS_Q1_baseline__flowStop60to80,shutdown,I,0.011020256713931616,0.010862617663361798,0.0004430548230194256,0.012737171630855526,80 s isothermal shutdown vs original 60 s inventory
LBE-I_SS_II_Q2_baseline_sat0.001__flowStop60to80,shutdown,PbI2,0.038578966595401,0.038586865848571066,0.0022083917198298204,0.03087791280633745,80 s isothermal shutdown vs original 60 s inventory
LBE-I_SS_II_Q2_baseline_sat0.001__flowStop60to80,shutdown,BiI3,0.0507196474108654,0.05008449577821432,0.0082597693177081,0.028616564081063167,80 s isothermal shutdown vs original 60 s inventory
LBE-I_SS_II_Q2_baseline_sat0.001__flowStop60to80,shutdown,I,0.04542302262050828,0.04518820619797278,0.005625886760489666,0.03832789083066945,80 s isothermal shutdown vs original 60 s inventory
LBE-I_SS_II_Q2_baseline_sat0.01__flowStop60to80,shutdown,PbI2,0.03169436995119501,0.028529443729328762,0.0031649262218665635,0.02918862889210727,80 s isothermal shutdown vs original 60 s inventory
LBE-I_SS_II_Q2_baseline_sat0.01__flowStop60to80,shutdown,BiI3,0.034991814456033124,0.03716891298216008,0.006912746872051049,0.020800376770069295,80 s isothermal shutdown vs original 60 s inventory
LBE-I_SS_II_Q2_baseline_sat0.01__flowStop60to80,shutdown,I,0.034800016444859916,0.0364363789135916,0.006708867128415003,0.022011851643688463,80 s isothermal shutdown vs original 60 s inventory
LBE-I_SiO2_I_Q2_baseline_sat0.001__flowStop60to80,shutdown,PbI2,0.04396275528113071,0.04231404494924821,0.003798200203166706,0.035144482414550815,80 s isothermal shutdown vs original 60 s inventory
LBE-I_SiO2_I_Q2_baseline_sat0.001__flowStop60to80,shutdown,BiI3,0.05366566754014977,0.05584927557160197,0.010095700197055595,0.02959398584211348,80 s isothermal shutdown vs original 60 s inventory
LBE-I_SiO2_I_Q2_baseline_sat0.001__flowStop60to80,shutdown,I,0.04628535864553948,0.04481309077117559,0.005307453636967086,0.042157200867098954,80 s isothermal shutdown vs original 60 s inventory
