case,category,base_case,cells,dt_s,end_time_s,BiI3_iodide_I_pct,raw_profile_L1_percentage_points,PbI2_peak_C,BiI3_peak_C
PbI2_SS_Q1_baseline__dt1ms,numerical,PbI2_SS_Q1_baseline,18432,0.001,60,0.0,53.89200725311344,350.72813859893336,
LBE-I_SS_II_Q2_baseline_sat0.001__dt1ms,numerical,LBE-I_SS_II_Q2_baseline_sat0.001,18432,0.001,60,56.475211963027625,36.72973384485718,288.08725858341006,166.41083189720092
LBE-I_SS_II_Q2_baseline_sat0.01__dt1ms,numerical,LBE-I_SS_II_Q2_baseline_sat0.01,18432,0.001,60,94.54104958250255,75.66528401489134,251.3514362494036,166.41083189720092
LBE-I_SS_II_Q2_shift29k_sat0.01__dt1ms,numerical,LBE-I_SS_II_Q2_shift29k_sat0.01,18432,0.001,60,1.922166131322098,123.32986275048604,288.08725858341006,108.15257551517863
PbI2_SS_Q1_baseline__grid256x32,numerical,PbI2_SS_Q1_baseline,8192,0.002,60,0.0,60.43765578566804,350.7043975357217,
LBE-I_SS_II_Q2_baseline_sat0.001__grid256x32,numerical,LBE-I_SS_II_Q2_baseline_sat0.001,8192,0.002,60,56.47857285029466,40.60209628128141,287.95562484752486,139.43114091563547
LBE-I_SS_II_Q2_baseline_sat0.01__grid256x32,numerical,LBE-I_SS_II_Q2_baseline_sat0.01,8192,0.002,60,94.53162207100934,75.00436352860775,251.55914599862058,166.3099676612913
LBE-I_SS_II_Q2_shift29k_sat0.01__grid256x32,numerical,LBE-I_SS_II_Q2_shift29k_sat0.01,8192,0.002,60,1.9765226080517606,123.22811460944361,287.95562484752486,108.03838674879398
PbI2_SS_Q1_baseline__grid576x72,numerical,PbI2_SS_Q1_baseline,41472,0.002,60,0.0,49.110961026124045,366.49212611188375,
LBE-I_SS_II_Q2_baseline_sat0.001__grid576x72,numerical,LBE-I_SS_II_Q2_baseline_sat0.001,41472,0.002,60,56.47629042362753,37.022520774614016,288.0735094806398,138.77624116487226
LBE-I_SS_II_Q2_baseline_sat0.01__grid576x72,numerical,LBE-I_SS_II_Q2_baseline_sat0.01,41472,0.002,60,94.56893281817757,75.30210568442511,251.32588254988093,166.8694829605339
LBE-I_SS_II_Q2_shift29k_sat0.01__grid576x72,numerical,LBE-I_SS_II_Q2_shift29k_sat0.01,41472,0.002,60,2.0043590381995577,123.17821143822955,288.0735094806398,108.18085265090235
PbI2_SS_Q1_baseline__D5e-05,transport,PbI2_SS_Q1_baseline,18432,0.002,60,0.0,66.03160301445969,350.72813859893336,
PbI2_SS_Q1_baseline__D0.0002,transport,PbI2_SS_Q1_baseline,18432,0.002,60,0.0,46.8167441100308,366.42945571028474,
PbI2_SS_Q1_baseline__alpha0.1,kinetics,PbI2_SS_Q1_baseline,18432,0.002,60,0.0,54.301686058744394,350.72813859893336,
PbI2_SS_Q1_baseline__alpha0.01,kinetics,PbI2_SS_Q1_baseline,18432,0.002,60,0.0,58.08007972413189,350.72813859893336,
PbI2_SS_Q1_baseline__boatupstream,source_geometry,PbI2_SS_Q1_baseline,18432,0.002,60,0.0,53.89885832672305,350.72813859893336,
PbI2_SS_Q1_baseline__boatdownstream,source_geometry,PbI2_SS_Q1_baseline,18432,0.002,60,0.0,53.893457991415424,350.72813859893336,
PbI2_SS_Q1_baseline__PbI2He,transport,PbI2_SS_Q1_baseline,18432,0.002,60,0.0,51.655278034193195,366.42945571028474,
LBE-I_SS_II_Q2_baseline_sat0.001__D5e-05,transport,LBE-I_SS_II_Q2_baseline_sat0.001,18432,0.002,60,56.47334989263935,37.935229782111534,288.08725858341006,166.41083189720092
LBE-I_SS_II_Q2_baseline_sat0.001__D0.0002,transport,LBE-I_SS_II_Q2_baseline_sat0.001,18432,0.002,60,56.479214973640055,40.28480610529735,288.08725858341006,138.8149707049974
LBE-I_SS_II_Q2_baseline_sat0.001__alpha0.1,kinetics,LBE-I_SS_II_Q2_baseline_sat0.001,18432,0.002,60,56.47458331974576,36.86380976881005,288.08725858341006,166.41083189720092
LBE-I_SS_II_Q2_baseline_sat0.001__alpha0.01,kinetics,LBE-I_SS_II_Q2_baseline_sat0.001,18432,0.002,60,56.47388357753444,37.56410285341392,288.08725858341006,166.41083189720092
LBE-I_SS_II_Q2_baseline_sat0.001__boatupstream,source_geometry,LBE-I_SS_II_Q2_baseline_sat0.001,18432,0.002,60,56.47416092996913,36.79241727344541,288.08725858341006,166.41083189720092
LBE-I_SS_II_Q2_baseline_sat0.001__boatdownstream,source_geometry,LBE-I_SS_II_Q2_baseline_sat0.001,18432,0.002,60,56.47547531377651,36.791310374572745,288.08725858341006,166.41083189720092
LBE-I_SS_II_Q2_baseline_sat0.001__PbI2He,transport,LBE-I_SS_II_Q2_baseline_sat0.001,18432,0.002,60,56.47837745951142,36.75012816917039,288.08725858341006,166.41083189720092
LBE-I_SS_II_Q2_baseline_sat0.01__D5e-05,transport,LBE-I_SS_II_Q2_baseline_sat0.01,18432,0.002,60,94.49319715861195,74.6436242175405,251.3514362494036,166.41083189720092
LBE-I_SS_II_Q2_baseline_sat0.01__D0.0002,transport,LBE-I_SS_II_Q2_baseline_sat0.01,18432,0.002,60,94.57242634371367,75.21398883113747,251.3514362494036,166.41083189720092
LBE-I_SS_II_Q2_baseline_sat0.01__alpha0.1,kinetics,LBE-I_SS_II_Q2_baseline_sat0.01,18432,0.002,60,94.5600407372422,75.18877774738455,251.3514362494036,166.41083189720092
LBE-I_SS_II_Q2_baseline_sat0.01__alpha0.01,kinetics,LBE-I_SS_II_Q2_baseline_sat0.01,18432,0.002,60,94.55987913867652,74.9357615896862,251.3514362494036,166.41083189720092
LBE-I_SS_II_Q2_baseline_sat0.01__boatupstream,source_geometry,LBE-I_SS_II_Q2_baseline_sat0.01,18432,0.002,60,94.56015003463628,75.42564817959453,251.3514362494036,166.41083189720092
LBE-I_SS_II_Q2_baseline_sat0.01__boatdownstream,source_geometry,LBE-I_SS_II_Q2_baseline_sat0.01,18432,0.002,60,94.5607924928813,75.4286545520701,251.3514362494036,166.41083189720092
LBE-I_SS_II_Q2_baseline_sat0.01__PbI2He,transport,LBE-I_SS_II_Q2_baseline_sat0.01,18432,0.002,60,94.59821645750873,75.39312352974807,251.3514362494036,166.41083189720092
