case,base_case,category,raw_L1_percentage_points,normalised_common_scan_overlap_pct,normalised_common_scan_Wasserstein_cm,normalised_common_scan_centroid_error_cm,BiI3_fraction_of_iodide_I_pct,published_BiI3_fraction_of_iodide_I_pct,BiI3_split_error_percentage_points,Q1_source_split_conditioned,observed_scan_sum_pct,model_scan_sum_pct
PbI2_SS_Q1_baseline,PbI2_SS_Q1_baseline,original_baseline,53.89594314278326,72.92815030319117,0.8008580249053684,0.8008580249053694,0.0,,,True,99.16567342073898,99.75974081969807
LBE-I_SS_II_Q2_baseline_sat0.001,LBE-I_SS_II_Q2_baseline_sat0.001,original_baseline,36.79730419887923,81.10002527679192,0.982779572669625,0.6194926869423604,56.474661932483215,65.63169164882227,-9.157029716339053,False,96.70103092783505,93.39998682627467
LBE-I_SS_II_Q2_baseline_sat0.01,LBE-I_SS_II_Q2_baseline_sat0.01,original_baseline,75.43989333156458,59.4983291304158,2.7987808633029627,2.7595697983705874,94.56004535260291,65.63169164882227,28.928353703780644,False,96.70103092783505,93.3999867481811
LBE-I_SS_II_Q2_shift29k_sat0.01,LBE-I_SS_II_Q2_shift29k_sat0.01,original_baseline,123.19164394663326,34.664491723468146,4.297453959069457,-3.2390873367323594,1.996160301771938,65.63169164882227,-63.63553134705033,False,96.70103092783505,93.39999377221477
PbI2_SS_Q1_baseline__dt1ms,PbI2_SS_Q1_baseline,numerical,53.89200725311344,72.93013060381814,0.8007923270158723,0.8007923270158719,0.0,,,True,99.16567342073898,99.75978508119009
LBE-I_SS_II_Q2_baseline_sat0.001__dt1ms,LBE-I_SS_II_Q2_baseline_sat0.001,numerical,36.72973384485718,81.13619784564776,0.9843516799948091,0.6178890760350145,56.475211963027625,65.63169164882227,-9.156479685794643,False,96.70103092783505,93.39998689222719
LBE-I_SS_II_Q2_baseline_sat0.01__dt1ms,LBE-I_SS_II_Q2_baseline_sat0.01,numerical,75.66528401489134,59.49747190453667,2.799313833111386,2.7566972245685,94.54104958250255,65.63169164882227,28.909357933680283,False,96.70103092783505,93.39998681289431
LBE-I_SS_II_Q2_shift29k_sat0.01__dt1ms,LBE-I_SS_II_Q2_shift29k_sat0.01,numerical,123.32986275048603,34.59049878422018,4.303716037473109,-3.245421680770164,1.922166131322098,65.63169164882227,-63.70952551750017,False,96.70103092783505,93.39999377487126
PbI2_SS_Q1_baseline__grid256x32,PbI2_SS_Q1_baseline,numerical,60.43765578566804,69.64367505371192,0.8791533122615101,0.8791533122615128,0.0,,,True,99.16567342073898,99.73173602485932
LBE-I_SS_II_Q2_baseline_sat0.001__grid256x32,LBE-I_SS_II_Q2_baseline_sat0.001,numerical,40.60209628128141,78.1249860746388,0.9983139247009448,0.6924825863282026,56.47857285029466,65.63169164882227,-9.153118798527608,False,96.70103092783505,93.3999859627568
LBE-I_SS_II_Q2_baseline_sat0.01__grid256x32,LBE-I_SS_II_Q2_baseline_sat0.01,numerical,75.00436352860775,59.52121189357166,2.844698291082613,2.821447229278554,94.53162207100934,65.63169164882227,28.89993042218707,False,96.70103092783505,93.39998587405984
LBE-I_SS_II_Q2_shift29k_sat0.01__grid256x32,LBE-I_SS_II_Q2_shift29k_sat0.01,numerical,123.22811460944361,34.64496765893375,4.3081245137934605,-3.244746260893324,1.9765226080517606,65.63169164882227,-63.65516904077051,False,96.70103092783505,93.39999347301763
PbI2_SS_Q1_baseline__grid576x72,PbI2_SS_Q1_baseline,numerical,49.110961026124045,75.33013235949083,0.7437948048126648,0.7437948048126628,0.0,,,True,99.16567342073898,99.78493389945854
LBE-I_SS_II_Q2_baseline_sat0.001__grid576x72,LBE-I_SS_II_Q2_baseline_sat0.001,numerical,37.022520774614016,80.73537354454535,0.9688180662175854,0.6117376498709514,56.47629042362753,65.63169164882227,-9.155401225194737,False,96.70103092783505,93.39998786932847
LBE-I_SS_II_Q2_baseline_sat0.01__grid576x72,LBE-I_SS_II_Q2_baseline_sat0.01,numerical,75.30210568442511,59.36182201734598,2.8076430595185653,2.7612950381540755,94.56893281817757,65.63169164882227,28.937241169355303,False,96.70103092783505,93.39998779080683
LBE-I_SS_II_Q2_shift29k_sat0.01__grid576x72,LBE-I_SS_II_Q2_shift29k_sat0.01,numerical,123.17821143822955,34.67168282561927,4.367543450444667,-3.3042429753211304,2.0043590381995577,65.63169164882227,-63.62733261062271,False,96.70103092783505,93.39999426143504
PbI2_SS_Q1_baseline__D5e-05,PbI2_SS_Q1_baseline,transport,66.03160301445969,66.79707603262955,1.0189741078139687,1.0189741078139753,0.0,,,True,99.16567342073898,99.55151856160893
PbI2_SS_Q1_baseline__D0.0002,PbI2_SS_Q1_baseline,transport,46.8167441100308,76.48207368819935,0.7149995461280015,0.7149995461280069,0.0,,,True,99.16567342073898,99.80223536484122
PbI2_SS_Q1_baseline__alpha0.1,PbI2_SS_Q1_baseline,kinetics,54.30168605874439,72.72433206918542,0.8058988351586489,0.8058988351586511,0.0,,,True,99.16567342073898,99.75710963908425
PbI2_SS_Q1_baseline__alpha0.01,PbI2_SS_Q1_baseline,kinetics,58.0800797241319,70.8249835481655,0.855625841108876,0.855625841108881,0.0,,,True,99.16567342073898,99.72837057569178
PbI2_SS_Q1_baseline__boatupstream,PbI2_SS_Q1_baseline,source_geometry,53.89885832672305,72.92668383438614,0.8009072932441488,0.8009072932441405,0.0,,,True,99.16567342073898,99.75970963929937
PbI2_SS_Q1_baseline__boatdownstream,PbI2_SS_Q1_baseline,source_geometry,53.89345799141542,72.92940052908006,0.8008158511302942,0.8008158511302945,0.0,,,True,99.16567342073898,99.75976788610022
PbI2_SS_Q1_baseline__PbI2He,PbI2_SS_Q1_baseline,transport,51.6552780341932,74.04867002995283,0.7769960338767263,0.7769960338767301,0.0,,,True,99.16567342073898,99.74413102645754
LBE-I_SS_II_Q2_baseline_sat0.001__D5e-05,LBE-I_SS_II_Q2_baseline_sat0.001,transport,37.935229782111534,80.49085735886388,0.9820874173451285,0.6524400885094096,56.47334989263935,65.63169164882227,-9.15834175618292,False,96.70103092783505,93.39998564516709
LBE-I_SS_II_Q2_baseline_sat0.001__D0.0002,LBE-I_SS_II_Q2_baseline_sat0.001,transport,40.28480610529735,78.29484142507388,1.0011141424758174,0.6749577256440514,56.479214973640055,65.63169164882227,-9.152476675182214,False,96.70103092783505,93.39998512637865
LBE-I_SS_II_Q2_baseline_sat0.001__alpha0.1,LBE-I_SS_II_Q2_baseline_sat0.001,kinetics,36.86380976881005,81.06442272032403,0.9818073037820997,0.6217227403501583,56.47458331974576,65.63169164882227,-9.157108329076507,False,96.70103092783505,93.39998677404515
LBE-I_SS_II_Q2_baseline_sat0.001__alpha0.01,LBE-I_SS_II_Q2_baseline_sat0.001,kinetics,37.56410285341392,80.6895334586252,0.9725224751926352,0.6439850191965286,56.47388357753444,65.63169164882227,-9.157808071287832,False,96.70103092783505,93.39998612199001
LBE-I_SS_II_Q2_baseline_sat0.001__boatupstream,LBE-I_SS_II_Q2_baseline_sat0.001,source_geometry,36.79241727344541,81.10264140439986,0.982883329596887,0.6194186818215063,56.47416092996913,65.63169164882227,-9.157530718853138,False,96.70103092783505,93.3999868229198
LBE-I_SS_II_Q2_baseline_sat0.001__boatdownstream,LBE-I_SS_II_Q2_baseline_sat0.001,source_geometry,36.791310374572745,81.10323396243938,0.9828293829314676,0.6194291575461705,56.47547531377651,65.63169164882227,-9.156216335045755,False,96.70103092783505,93.39998683116703
LBE-I_SS_II_Q2_baseline_sat0.001__PbI2He,LBE-I_SS_II_Q2_baseline_sat0.001,transport,36.75012816917039,81.1252801142834,0.9818592773778022,0.6199521699871109,56.47837745951142,65.63169164882227,-9.153314189310848,False,96.70103092783505,93.39998682531892
LBE-I_SS_II_Q2_baseline_sat0.01__D5e-05,LBE-I_SS_II_Q2_baseline_sat0.01,transport,74.64362421754052,59.71432700481032,2.8138526545035174,2.7915353764964763,94.49319715861195,65.63169164882227,28.86150550978968,False,96.70103092783505,93.3999855329889
LBE-I_SS_II_Q2_baseline_sat0.01__D0.0002,LBE-I_SS_II_Q2_baseline_sat0.01,transport,75.21398883113747,59.40899231743466,2.831727927611155,2.795701783079298,94.57242634371367,65.63169164882227,28.940734694891404,False,96.70103092783505,93.39998503723335
LBE-I_SS_II_Q2_baseline_sat0.01__alpha0.1,LBE-I_SS_II_Q2_baseline_sat0.01,kinetics,75.18877774738455,59.503367488427415,2.800122427741655,2.7618387883164544,94.5600407372422,65.63169164882227,28.928349088419935,False,96.70103092783505,93.39998669280322
LBE-I_SS_II_Q2_baseline_sat0.01__alpha0.01,LBE-I_SS_II_Q2_baseline_sat0.01,kinetics,74.9357615896862,59.55793679362936,2.81174717705328,2.7838242302185954,94.55987913867652,65.63169164882227,28.928187489854253,False,96.70103092783505,93.39998603912179
LBE-I_SS_II_Q2_baseline_sat0.01__boatupstream,LBE-I_SS_II_Q2_baseline_sat0.01,source_geometry,75.42564817959453,59.498362233189674,2.7988632125411264,2.759710207911492,94.56015003463628,65.63169164882227,28.92845838581401,False,96.70103092783505,93.3999867437512
LBE-I_SS_II_Q2_baseline_sat0.01__boatdownstream,LBE-I_SS_II_Q2_baseline_sat0.01,source_geometry,75.4286545520701,59.49819913607397,2.7988711405393087,2.7596671298196123,94.5607924928813,65.63169164882227,28.929100844059036,False,96.70103092783505,93.39998675414661
LBE-I_SS_II_Q2_baseline_sat0.01__PbI2He,LBE-I_SS_II_Q2_baseline_sat0.01,transport,75.39312352974807,59.51462885369665,2.8006182005248044,2.761397694997692,94.59821645750873,65.63169164882227,28.966524808686458,False,96.70103092783505,93.39998674951802
