case,base_case,category,species,model_peak_x_cm,published_peak_x_cm,position_error_cm,model_peak_C,published_peak_C,temperature_error_K,published_uncertainty_K,second_largest_bin_over_peak,second_largest_bin_x_cm,scope
PbI2_SS_Q1_baseline,PbI2_SS_Q1_baseline,original_baseline,PbI2,36.99999999999999,36.0,0.9999999999999929,350.72813859893336,368.0,-17.271861401066644,18.0,0.9994871705854244,35.99999999999999,Maximum wall-density bin; native scan spacing is 1 cm. No sub-bin peak fit.
PbI2_SS_Q1_baseline,PbI2_SS_Q1_baseline,original_baseline,BiI3,,,,,,,,,,Maximum wall-density bin; native scan spacing is 1 cm. No sub-bin peak fit.
LBE-I_SS_II_Q2_baseline_sat0.001,LBE-I_SS_II_Q2_baseline_sat0.001,original_baseline,PbI2,50.99999999999999,51.0,-7.105427357601002e-15,288.08725858341006,288.0,0.08725858341006187,18.0,0.643780350803377,51.99999999999999,Maximum wall-density bin; native scan spacing is 1 cm. No sub-bin peak fit.
LBE-I_SS_II_Q2_baseline_sat0.001,LBE-I_SS_II_Q2_baseline_sat0.001,original_baseline,BiI3,56.999999999999986,56.99999999999999,-7.105427357601002e-15,166.41083189720092,154.0,12.410831897200922,14.0,0.9345502556833514,57.999999999999986,Maximum wall-density bin; native scan spacing is 1 cm. No sub-bin peak fit.
LBE-I_SS_II_Q2_baseline_sat0.01,LBE-I_SS_II_Q2_baseline_sat0.01,original_baseline,PbI2,52.99999999999999,51.0,1.999999999999993,251.3514362494036,288.0,-36.648563750596395,18.0,0.37422809598848483,53.99999999999998,Maximum wall-density bin; native scan spacing is 1 cm. No sub-bin peak fit.
LBE-I_SS_II_Q2_baseline_sat0.01,LBE-I_SS_II_Q2_baseline_sat0.01,original_baseline,BiI3,56.999999999999986,56.99999999999999,-7.105427357601002e-15,166.41083189720092,154.0,12.410831897200922,14.0,0.42661324129355765,57.999999999999986,Maximum wall-density bin; native scan spacing is 1 cm. No sub-bin peak fit.
LBE-I_SS_II_Q2_shift29k_sat0.01,LBE-I_SS_II_Q2_shift29k_sat0.01,original_baseline,PbI2,50.99999999999999,51.0,-7.105427357601002e-15,288.08725858341006,288.0,0.08725858341006187,18.0,0.6547832314812441,49.999999999999986,Maximum wall-density bin; native scan spacing is 1 cm. No sub-bin peak fit.
LBE-I_SS_II_Q2_shift29k_sat0.01,LBE-I_SS_II_Q2_shift29k_sat0.01,original_baseline,BiI3,59.0,56.99999999999999,2.000000000000007,108.15257551517863,154.0,-45.847424484821374,14.0,0.37332005767297477,57.999999999999986,Maximum wall-density bin; native scan spacing is 1 cm. No sub-bin peak fit.
PbI2_SS_Q1_baseline__dt1ms,PbI2_SS_Q1_baseline,numerical,PbI2,36.99999999999999,36.0,0.9999999999999929,350.72813859893336,368.0,-17.271861401066644,18.0,0.9995428854181669,35.99999999999999,Maximum wall-density bin; native scan spacing is 1 cm. No sub-bin peak fit.
PbI2_SS_Q1_baseline__dt1ms,PbI2_SS_Q1_baseline,numerical,BiI3,,,,,,,,,,Maximum wall-density bin; native scan spacing is 1 cm. No sub-bin peak fit.
LBE-I_SS_II_Q2_baseline_sat0.001__dt1ms,LBE-I_SS_II_Q2_baseline_sat0.001,numerical,PbI2,50.99999999999999,51.0,-7.105427357601002e-15,288.08725858341006,288.0,0.08725858341006187,18.0,0.6437255203313627,51.99999999999999,Maximum wall-density bin; native scan spacing is 1 cm. No sub-bin peak fit.
LBE-I_SS_II_Q2_baseline_sat0.001__dt1ms,LBE-I_SS_II_Q2_baseline_sat0.001,numerical,BiI3,56.999999999999986,56.99999999999999,-7.105427357601002e-15,166.41083189720092,154.0,12.410831897200922,14.0,0.9279505733172911,57.999999999999986,Maximum wall-density bin; native scan spacing is 1 cm. No sub-bin peak fit.
LBE-I_SS_II_Q2_baseline_sat0.01__dt1ms,LBE-I_SS_II_Q2_baseline_sat0.01,numerical,PbI2,52.99999999999999,51.0,1.999999999999993,251.3514362494036,288.0,-36.648563750596395,18.0,0.37275210300498524,53.99999999999998,Maximum wall-density bin; native scan spacing is 1 cm. No sub-bin peak fit.
LBE-I_SS_II_Q2_baseline_sat0.01__dt1ms,LBE-I_SS_II_Q2_baseline_sat0.01,numerical,BiI3,56.999999999999986,56.99999999999999,-7.105427357601002e-15,166.41083189720092,154.0,12.410831897200922,14.0,0.4237990761791353,57.999999999999986,Maximum wall-density bin; native scan spacing is 1 cm. No sub-bin peak fit.
LBE-I_SS_II_Q2_shift29k_sat0.01__dt1ms,LBE-I_SS_II_Q2_shift29k_sat0.01,numerical,PbI2,50.99999999999999,51.0,-7.105427357601002e-15,288.08725858341006,288.0,0.08725858341006187,18.0,0.6563293147072449,49.999999999999986,Maximum wall-density bin; native scan spacing is 1 cm. No sub-bin peak fit.
LBE-I_SS_II_Q2_shift29k_sat0.01__dt1ms,LBE-I_SS_II_Q2_shift29k_sat0.01,numerical,BiI3,59.0,56.99999999999999,2.000000000000007,108.15257551517863,154.0,-45.847424484821374,14.0,0.3511229700834433,57.999999999999986,Maximum wall-density bin; native scan spacing is 1 cm. No sub-bin peak fit.
PbI2_SS_Q1_baseline__grid256x32,PbI2_SS_Q1_baseline,numerical,PbI2,36.99999999999999,36.0,0.9999999999999929,350.7043975357217,368.0,-17.295602464278318,18.0,0.8712204818615744,35.99999999999999,Maximum wall-density bin; native scan spacing is 1 cm. No sub-bin peak fit.
PbI2_SS_Q1_baseline__grid256x32,PbI2_SS_Q1_baseline,numerical,BiI3,,,,,,,,,,Maximum wall-density bin; native scan spacing is 1 cm. No sub-bin peak fit.
LBE-I_SS_II_Q2_baseline_sat0.001__grid256x32,LBE-I_SS_II_Q2_baseline_sat0.001,numerical,PbI2,50.99999999999999,51.0,-7.105427357601002e-15,287.95562484752486,288.0,-0.04437515247514057,18.0,0.6507365239756234,51.99999999999999,Maximum wall-density bin; native scan spacing is 1 cm. No sub-bin peak fit.
LBE-I_SS_II_Q2_baseline_sat0.001__grid256x32,LBE-I_SS_II_Q2_baseline_sat0.001,numerical,BiI3,57.999999999999986,56.99999999999999,0.9999999999999929,139.43114091563547,154.0,-14.568859084364533,14.0,0.8479903568735293,56.999999999999986,Maximum wall-density bin; native scan spacing is 1 cm. No sub-bin peak fit.
LBE-I_SS_II_Q2_baseline_sat0.01__grid256x32,LBE-I_SS_II_Q2_baseline_sat0.01,numerical,PbI2,52.99999999999999,51.0,1.999999999999993,251.55914599862058,288.0,-36.44085400137942,18.0,0.45113897219691024,53.99999999999998,Maximum wall-density bin; native scan spacing is 1 cm. No sub-bin peak fit.
LBE-I_SS_II_Q2_baseline_sat0.01__grid256x32,LBE-I_SS_II_Q2_baseline_sat0.01,numerical,BiI3,56.999999999999986,56.99999999999999,-7.105427357601002e-15,166.3099676612913,154.0,12.309967661291296,14.0,0.5176953749861689,57.999999999999986,Maximum wall-density bin; native scan spacing is 1 cm. No sub-bin peak fit.
LBE-I_SS_II_Q2_shift29k_sat0.01__grid256x32,LBE-I_SS_II_Q2_shift29k_sat0.01,numerical,PbI2,50.99999999999999,51.0,-7.105427357601002e-15,287.95562484752486,288.0,-0.04437515247514057,18.0,0.8207138789052113,49.999999999999986,Maximum wall-density bin; native scan spacing is 1 cm. No sub-bin peak fit.
LBE-I_SS_II_Q2_shift29k_sat0.01__grid256x32,LBE-I_SS_II_Q2_shift29k_sat0.01,numerical,BiI3,59.0,56.99999999999999,2.000000000000007,108.03838674879398,154.0,-45.96161325120602,14.0,0.16986543396057702,57.999999999999986,Maximum wall-density bin; native scan spacing is 1 cm. No sub-bin peak fit.
PbI2_SS_Q1_baseline__grid576x72,PbI2_SS_Q1_baseline,numerical,PbI2,35.99999999999999,36.0,-7.105427357601002e-15,366.49212611188375,368.0,-1.5078738881162508,18.0,0.9147171683553362,36.99999999999999,Maximum wall-density bin; native scan spacing is 1 cm. No sub-bin peak fit.
PbI2_SS_Q1_baseline__grid576x72,PbI2_SS_Q1_baseline,numerical,BiI3,,,,,,,,,,Maximum wall-density bin; native scan spacing is 1 cm. No sub-bin peak fit.
LBE-I_SS_II_Q2_baseline_sat0.001__grid576x72,LBE-I_SS_II_Q2_baseline_sat0.001,numerical,PbI2,50.99999999999999,51.0,-7.105427357601002e-15,288.0735094806398,288.0,0.07350948063981377,18.0,0.5641227316738466,51.99999999999999,Maximum wall-density bin; native scan spacing is 1 cm. No sub-bin peak fit.
LBE-I_SS_II_Q2_baseline_sat0.001__grid576x72,LBE-I_SS_II_Q2_baseline_sat0.001,numerical,BiI3,57.999999999999986,56.99999999999999,0.9999999999999929,138.77624116487226,154.0,-15.22375883512774,14.0,0.9951863887780237,56.999999999999986,Maximum wall-density bin; native scan spacing is 1 cm. No sub-bin peak fit.
LBE-I_SS_II_Q2_baseline_sat0.01__grid576x72,LBE-I_SS_II_Q2_baseline_sat0.01,numerical,PbI2,52.99999999999999,51.0,1.999999999999993,251.32588254988093,288.0,-36.67411745011907,18.0,0.3513913249206425,53.99999999999998,Maximum wall-density bin; native scan spacing is 1 cm. No sub-bin peak fit.
LBE-I_SS_II_Q2_baseline_sat0.01__grid576x72,LBE-I_SS_II_Q2_baseline_sat0.01,numerical,BiI3,56.999999999999986,56.99999999999999,-7.105427357601002e-15,166.8694829605339,154.0,12.869482960533901,14.0,0.44417781574403414,57.999999999999986,Maximum wall-density bin; native scan spacing is 1 cm. No sub-bin peak fit.
LBE-I_SS_II_Q2_shift29k_sat0.01__grid576x72,LBE-I_SS_II_Q2_shift29k_sat0.01,numerical,PbI2,50.99999999999999,51.0,-7.105427357601002e-15,288.0735094806398,288.0,0.07350948063981377,18.0,0.8320433899369306,49.999999999999986,Maximum wall-density bin; native scan spacing is 1 cm. No sub-bin peak fit.
LBE-I_SS_II_Q2_shift29k_sat0.01__grid576x72,LBE-I_SS_II_Q2_shift29k_sat0.01,numerical,BiI3,59.0,56.99999999999999,2.000000000000007,108.18085265090235,154.0,-45.81914734909765,14.0,0.33893635124470284,57.999999999999986,Maximum wall-density bin; native scan spacing is 1 cm. No sub-bin peak fit.
PbI2_SS_Q1_baseline__D5e-05,PbI2_SS_Q1_baseline,transport,PbI2,36.99999999999999,36.0,0.9999999999999929,350.72813859893336,368.0,-17.271861401066644,18.0,0.8342812348677974,35.99999999999999,Maximum wall-density bin; native scan spacing is 1 cm. No sub-bin peak fit.
PbI2_SS_Q1_baseline__D5e-05,PbI2_SS_Q1_baseline,transport,BiI3,,,,,,,,,,Maximum wall-density bin; native scan spacing is 1 cm. No sub-bin peak fit.
PbI2_SS_Q1_baseline__D0.0002,PbI2_SS_Q1_baseline,transport,PbI2,35.99999999999999,36.0,-7.105427357601002e-15,366.42945571028474,368.0,-1.570544289715258,18.0,0.8781590934383803,36.99999999999999,Maximum wall-density bin; native scan spacing is 1 cm. No sub-bin peak fit.
PbI2_SS_Q1_baseline__D0.0002,PbI2_SS_Q1_baseline,transport,BiI3,,,,,,,,,,Maximum wall-density bin; native scan spacing is 1 cm. No sub-bin peak fit.
PbI2_SS_Q1_baseline__alpha0.1,PbI2_SS_Q1_baseline,kinetics,PbI2,36.99999999999999,36.0,0.9999999999999929,350.72813859893336,368.0,-17.271861401066644,18.0,0.9917586662712333,35.99999999999999,Maximum wall-density bin; native scan spacing is 1 cm. No sub-bin peak fit.
PbI2_SS_Q1_baseline__alpha0.1,PbI2_SS_Q1_baseline,kinetics,BiI3,,,,,,,,,,Maximum wall-density bin; native scan spacing is 1 cm. No sub-bin peak fit.
PbI2_SS_Q1_baseline__alpha0.01,PbI2_SS_Q1_baseline,kinetics,PbI2,36.99999999999999,36.0,0.9999999999999929,350.72813859893336,368.0,-17.271861401066644,18.0,0.9238535399638259,35.99999999999999,Maximum wall-density bin; native scan spacing is 1 cm. No sub-bin peak fit.
PbI2_SS_Q1_baseline__alpha0.01,PbI2_SS_Q1_baseline,kinetics,BiI3,,,,,,,,,,Maximum wall-density bin; native scan spacing is 1 cm. No sub-bin peak fit.
PbI2_SS_Q1_baseline__boatupstream,PbI2_SS_Q1_baseline,source_geometry,PbI2,36.99999999999999,36.0,0.9999999999999929,350.72813859893336,368.0,-17.271861401066644,18.0,0.999447058816915,35.99999999999999,Maximum wall-density bin; native scan spacing is 1 cm. No sub-bin peak fit.
PbI2_SS_Q1_baseline__boatupstream,PbI2_SS_Q1_baseline,source_geometry,BiI3,,,,,,,,,,Maximum wall-density bin; native scan spacing is 1 cm. No sub-bin peak fit.
PbI2_SS_Q1_baseline__boatdownstream,PbI2_SS_Q1_baseline,source_geometry,PbI2,36.99999999999999,36.0,0.9999999999999929,350.72813859893336,368.0,-17.271861401066644,18.0,0.9995212615194717,35.99999999999999,Maximum wall-density bin; native scan spacing is 1 cm. No sub-bin peak fit.
PbI2_SS_Q1_baseline__boatdownstream,PbI2_SS_Q1_baseline,source_geometry,BiI3,,,,,,,,,,Maximum wall-density bin; native scan spacing is 1 cm. No sub-bin peak fit.
PbI2_SS_Q1_baseline__PbI2He,PbI2_SS_Q1_baseline,transport,PbI2,35.99999999999999,36.0,-7.105427357601002e-15,366.42945571028474,368.0,-1.570544289715258,18.0,0.958300852450826,36.99999999999999,Maximum wall-density bin; native scan spacing is 1 cm. No sub-bin peak fit.
PbI2_SS_Q1_baseline__PbI2He,PbI2_SS_Q1_baseline,transport,BiI3,,,,,,,,,,Maximum wall-density bin; native scan spacing is 1 cm. No sub-bin peak fit.
LBE-I_SS_II_Q2_baseline_sat0.001__D5e-05,LBE-I_SS_II_Q2_baseline_sat0.001,transport,PbI2,50.99999999999999,51.0,-7.105427357601002e-15,288.08725858341006,288.0,0.08725858341006187,18.0,0.6825139904817308,51.99999999999999,Maximum wall-density bin; native scan spacing is 1 cm. No sub-bin peak fit.
LBE-I_SS_II_Q2_baseline_sat0.001__D5e-05,LBE-I_SS_II_Q2_baseline_sat0.001,transport,BiI3,56.999999999999986,56.99999999999999,-7.105427357601002e-15,166.41083189720092,154.0,12.410831897200922,14.0,0.9303884955812467,57.999999999999986,Maximum wall-density bin; native scan spacing is 1 cm. No sub-bin peak fit.
LBE-I_SS_II_Q2_baseline_sat0.001__D0.0002,LBE-I_SS_II_Q2_baseline_sat0.001,transport,PbI2,50.99999999999999,51.0,-7.105427357601002e-15,288.08725858341006,288.0,0.08725858341006187,18.0,0.729148282237904,51.99999999999999,Maximum wall-density bin; native scan spacing is 1 cm. No sub-bin peak fit.
LBE-I_SS_II_Q2_baseline_sat0.001__D0.0002,LBE-I_SS_II_Q2_baseline_sat0.001,transport,BiI3,57.999999999999986,56.99999999999999,0.9999999999999929,138.8149707049974,154.0,-15.185029295002607,14.0,0.8391051532899667,56.999999999999986,Maximum wall-density bin; native scan spacing is 1 cm. No sub-bin peak fit.
LBE-I_SS_II_Q2_baseline_sat0.001__alpha0.1,LBE-I_SS_II_Q2_baseline_sat0.001,kinetics,PbI2,50.99999999999999,51.0,-7.105427357601002e-15,288.08725858341006,288.0,0.08725858341006187,18.0,0.6461394307711772,51.99999999999999,Maximum wall-density bin; native scan spacing is 1 cm. No sub-bin peak fit.
LBE-I_SS_II_Q2_baseline_sat0.001__alpha0.1,LBE-I_SS_II_Q2_baseline_sat0.001,kinetics,BiI3,56.999999999999986,56.99999999999999,-7.105427357601002e-15,166.41083189720092,154.0,12.410831897200922,14.0,0.9404280380245275,57.999999999999986,Maximum wall-density bin; native scan spacing is 1 cm. No sub-bin peak fit.
LBE-I_SS_II_Q2_baseline_sat0.001__alpha0.01,LBE-I_SS_II_Q2_baseline_sat0.001,kinetics,PbI2,50.99999999999999,51.0,-7.105427357601002e-15,288.08725858341006,288.0,0.08725858341006187,18.0,0.669981725999673,51.99999999999999,Maximum wall-density bin; native scan spacing is 1 cm. No sub-bin peak fit.
LBE-I_SS_II_Q2_baseline_sat0.001__alpha0.01,LBE-I_SS_II_Q2_baseline_sat0.001,kinetics,BiI3,56.999999999999986,56.99999999999999,-7.105427357601002e-15,166.41083189720092,154.0,12.410831897200922,14.0,0.9964750870610344,57.999999999999986,Maximum wall-density bin; native scan spacing is 1 cm. No sub-bin peak fit.
LBE-I_SS_II_Q2_baseline_sat0.001__boatupstream,LBE-I_SS_II_Q2_baseline_sat0.001,source_geometry,PbI2,50.99999999999999,51.0,-7.105427357601002e-15,288.08725858341006,288.0,0.08725858341006187,18.0,0.6438414313085326,51.99999999999999,Maximum wall-density bin; native scan spacing is 1 cm. No sub-bin peak fit.
LBE-I_SS_II_Q2_baseline_sat0.001__boatupstream,LBE-I_SS_II_Q2_baseline_sat0.001,source_geometry,BiI3,56.999999999999986,56.99999999999999,-7.105427357601002e-15,166.41083189720092,154.0,12.410831897200922,14.0,0.9344136752292147,57.999999999999986,Maximum wall-density bin; native scan spacing is 1 cm. No sub-bin peak fit.
LBE-I_SS_II_Q2_baseline_sat0.001__boatdownstream,LBE-I_SS_II_Q2_baseline_sat0.001,source_geometry,PbI2,50.99999999999999,51.0,-7.105427357601002e-15,288.08725858341006,288.0,0.08725858341006187,18.0,0.6437302359057318,51.99999999999999,Maximum wall-density bin; native scan spacing is 1 cm. No sub-bin peak fit.
LBE-I_SS_II_Q2_baseline_sat0.001__boatdownstream,LBE-I_SS_II_Q2_baseline_sat0.001,source_geometry,BiI3,56.999999999999986,56.99999999999999,-7.105427357601002e-15,166.41083189720092,154.0,12.410831897200922,14.0,0.9341524048866738,57.999999999999986,Maximum wall-density bin; native scan spacing is 1 cm. No sub-bin peak fit.
LBE-I_SS_II_Q2_baseline_sat0.001__PbI2He,LBE-I_SS_II_Q2_baseline_sat0.001,transport,PbI2,50.99999999999999,51.0,-7.105427357601002e-15,288.08725858341006,288.0,0.08725858341006187,18.0,0.6398233096168962,51.99999999999999,Maximum wall-density bin; native scan spacing is 1 cm. No sub-bin peak fit.
LBE-I_SS_II_Q2_baseline_sat0.001__PbI2He,LBE-I_SS_II_Q2_baseline_sat0.001,transport,BiI3,56.999999999999986,56.99999999999999,-7.105427357601002e-15,166.41083189720092,154.0,12.410831897200922,14.0,0.9345502556833781,57.999999999999986,Maximum wall-density bin; native scan spacing is 1 cm. No sub-bin peak fit.
LBE-I_SS_II_Q2_baseline_sat0.01__D5e-05,LBE-I_SS_II_Q2_baseline_sat0.01,transport,PbI2,52.99999999999999,51.0,1.999999999999993,251.3514362494036,288.0,-36.648563750596395,18.0,0.4269272593381264,53.99999999999998,Maximum wall-density bin; native scan spacing is 1 cm. No sub-bin peak fit.
LBE-I_SS_II_Q2_baseline_sat0.01__D5e-05,LBE-I_SS_II_Q2_baseline_sat0.01,transport,BiI3,56.999999999999986,56.99999999999999,-7.105427357601002e-15,166.41083189720092,154.0,12.410831897200922,14.0,0.4574712940132465,57.999999999999986,Maximum wall-density bin; native scan spacing is 1 cm. No sub-bin peak fit.
LBE-I_SS_II_Q2_baseline_sat0.01__D0.0002,LBE-I_SS_II_Q2_baseline_sat0.01,transport,PbI2,52.99999999999999,51.0,1.999999999999993,251.3514362494036,288.0,-36.648563750596395,18.0,0.38095037828848133,53.99999999999998,Maximum wall-density bin; native scan spacing is 1 cm. No sub-bin peak fit.
LBE-I_SS_II_Q2_baseline_sat0.01__D0.0002,LBE-I_SS_II_Q2_baseline_sat0.01,transport,BiI3,56.999999999999986,56.99999999999999,-7.105427357601002e-15,166.41083189720092,154.0,12.410831897200922,14.0,0.5004105311659728,57.999999999999986,Maximum wall-density bin; native scan spacing is 1 cm. No sub-bin peak fit.
LBE-I_SS_II_Q2_baseline_sat0.01__alpha0.1,LBE-I_SS_II_Q2_baseline_sat0.01,kinetics,PbI2,52.99999999999999,51.0,1.999999999999993,251.3514362494036,288.0,-36.648563750596395,18.0,0.3763432564706747,53.99999999999998,Maximum wall-density bin; native scan spacing is 1 cm. No sub-bin peak fit.
LBE-I_SS_II_Q2_baseline_sat0.01__alpha0.1,LBE-I_SS_II_Q2_baseline_sat0.01,kinetics,BiI3,56.999999999999986,56.99999999999999,-7.105427357601002e-15,166.41083189720092,154.0,12.410831897200922,14.0,0.4297865144801676,57.999999999999986,Maximum wall-density bin; native scan spacing is 1 cm. No sub-bin peak fit.
LBE-I_SS_II_Q2_baseline_sat0.01__alpha0.01,LBE-I_SS_II_Q2_baseline_sat0.01,kinetics,PbI2,52.99999999999999,51.0,1.999999999999993,251.3514362494036,288.0,-36.648563750596395,18.0,0.39772259183625563,53.99999999999998,Maximum wall-density bin; native scan spacing is 1 cm. No sub-bin peak fit.
LBE-I_SS_II_Q2_baseline_sat0.01__alpha0.01,LBE-I_SS_II_Q2_baseline_sat0.01,kinetics,BiI3,56.999999999999986,56.99999999999999,-7.105427357601002e-15,166.41083189720092,154.0,12.410831897200922,14.0,0.45868794474977526,57.999999999999986,Maximum wall-density bin; native scan spacing is 1 cm. No sub-bin peak fit.
LBE-I_SS_II_Q2_baseline_sat0.01__boatupstream,LBE-I_SS_II_Q2_baseline_sat0.01,source_geometry,PbI2,52.99999999999999,51.0,1.999999999999993,251.3514362494036,288.0,-36.648563750596395,18.0,0.3742788447164921,53.99999999999998,Maximum wall-density bin; native scan spacing is 1 cm. No sub-bin peak fit.
LBE-I_SS_II_Q2_baseline_sat0.01__boatupstream,LBE-I_SS_II_Q2_baseline_sat0.01,source_geometry,BiI3,56.999999999999986,56.99999999999999,-7.105427357601002e-15,166.41083189720092,154.0,12.410831897200922,14.0,0.42680066218605034,57.999999999999986,Maximum wall-density bin; native scan spacing is 1 cm. No sub-bin peak fit.
LBE-I_SS_II_Q2_baseline_sat0.01__boatdownstream,LBE-I_SS_II_Q2_baseline_sat0.01,source_geometry,PbI2,52.99999999999999,51.0,1.999999999999993,251.3514362494036,288.0,-36.648563750596395,18.0,0.37424746900758,53.99999999999998,Maximum wall-density bin; native scan spacing is 1 cm. No sub-bin peak fit.
LBE-I_SS_II_Q2_baseline_sat0.01__boatdownstream,LBE-I_SS_II_Q2_baseline_sat0.01,source_geometry,BiI3,56.999999999999986,56.99999999999999,-7.105427357601002e-15,166.41083189720092,154.0,12.410831897200922,14.0,0.4267479149644582,57.999999999999986,Maximum wall-density bin; native scan spacing is 1 cm. No sub-bin peak fit.
LBE-I_SS_II_Q2_baseline_sat0.01__PbI2He,LBE-I_SS_II_Q2_baseline_sat0.01,transport,PbI2,52.99999999999999,51.0,1.999999999999993,251.3514362494036,288.0,-36.648563750596395,18.0,0.38458082800814675,53.99999999999998,Maximum wall-density bin; native scan spacing is 1 cm. No sub-bin peak fit.
LBE-I_SS_II_Q2_baseline_sat0.01__PbI2He,LBE-I_SS_II_Q2_baseline_sat0.01,transport,BiI3,56.999999999999986,56.99999999999999,-7.105427357601002e-15,166.41083189720092,154.0,12.410831897200922,14.0,0.4265435946484408,57.999999999999986,Maximum wall-density bin; native scan spacing is 1 cm. No sub-bin peak fit.
