case,base_case,category,I_profile_L1_change_pct,I_normalised_shape_L1_change_pct,I_total_change_pct,I_centroid_shift_cm
PbI2_SS_Q1_baseline__D5e-05,PbI2_SS_Q1_baseline,transport,14.20122548430109,14.19863028106442,-0.015638719291170996,0.230092335574561
PbI2_SS_Q1_baseline__D0.0002,PbI2_SS_Q1_baseline,transport,7.249918629680935,7.251780054304289,0.006770153609351498,-0.08828619765356427
PbI2_SS_Q1_baseline__alpha0.1,PbI2_SS_Q1_baseline,kinetics,0.4082218200354483,0.4083740965749347,-0.0004362956479905678,0.00519018255167869
PbI2_SS_Q1_baseline__alpha0.01,PbI2_SS_Q1_baseline,kinetics,4.2136481551676725,4.215506825354894,-0.004801614234384599,0.05655009557967161
PbI2_SS_Q1_baseline__boatupstream,PbI2_SS_Q1_baseline,source_geometry,0.0775940751653578,0.0032477739591072184,-0.07759407516535999,5.1054525973537324e-05
PbI2_SS_Q1_baseline__boatdownstream,PbI2_SS_Q1_baseline,source_geometry,0.07878562829846271,0.0027766006590169584,0.07878562829848317,-4.372604374691669e-05
PbI2_SS_Q1_baseline__PbI2He,PbI2_SS_Q1_baseline,transport,2.273538830674925,2.273247733808723,-0.0009453254335576892,-0.02278448346787476
LBE-I_SS_II_Q2_baseline_sat0.001__D5e-05,LBE-I_SS_II_Q2_baseline_sat0.001,transport,3.829292703368522,3.8202977227878416,-0.01905795033531403,0.03294750886916331
LBE-I_SS_II_Q2_baseline_sat0.001__D0.0002,LBE-I_SS_II_Q2_baseline_sat0.001,transport,9.425274397132242,9.423576091925623,0.01950636952269192,0.055465206492955055
LBE-I_SS_II_Q2_baseline_sat0.001__alpha0.1,LBE-I_SS_II_Q2_baseline_sat0.001,kinetics,0.2964320863475145,0.2964364263032526,-0.0006737927208780476,0.0022300583705114896
LBE-I_SS_II_Q2_baseline_sat0.001__alpha0.01,LBE-I_SS_II_Q2_baseline_sat0.001,kinetics,3.149364092546547,3.1496164168416003,-0.007214855183703207,0.024492399297515455
LBE-I_SS_II_Q2_baseline_sat0.001__boatupstream,LBE-I_SS_II_Q2_baseline_sat0.001,source_geometry,0.16796855957324863,0.0099300619619193,-0.16796855957324844,-7.400474881791297e-05
LBE-I_SS_II_Q2_baseline_sat0.001__boatdownstream,LBE-I_SS_II_Q2_baseline_sat0.001,source_geometry,0.1674631486610204,0.016057517816660028,0.16746314866101153,-6.35298981976895e-05
LBE-I_SS_II_Q2_baseline_sat0.001__PbI2He,LBE-I_SS_II_Q2_baseline_sat0.001,transport,0.1478856841899312,0.15258261042506494,-0.006578671690551352,0.0004594830807058692
LBE-I_SS_II_Q2_baseline_sat0.01__D5e-05,LBE-I_SS_II_Q2_baseline_sat0.01,transport,4.609216440094613,4.60180049222021,-0.024355166199448244,0.03196566099584741
LBE-I_SS_II_Q2_baseline_sat0.01__D0.0002,LBE-I_SS_II_Q2_baseline_sat0.01,transport,6.676987052648122,6.682034308860805,0.023229436883071213,0.03613211748173528
LBE-I_SS_II_Q2_baseline_sat0.01__alpha0.1,LBE-I_SS_II_Q2_baseline_sat0.01,kinetics,0.3569359684786155,0.3567288499495258,-0.0005969823523982763,0.002268993926268781
LBE-I_SS_II_Q2_baseline_sat0.01__alpha0.01,LBE-I_SS_II_Q2_baseline_sat0.01,kinetics,3.6691792806873424,3.6664571787779217,-0.00867339078406065,0.024254483130881077
LBE-I_SS_II_Q2_baseline_sat0.01__boatupstream,LBE-I_SS_II_Q2_baseline_sat0.01,source_geometry,0.1692868769049797,0.02111319006210229,-0.1692868769049838,0.0001404098892821004
LBE-I_SS_II_Q2_baseline_sat0.01__boatdownstream,LBE-I_SS_II_Q2_baseline_sat0.01,source_geometry,0.16814192964599706,0.013072176430920655,0.16814192962948016,9.733095615027665e-05
LBE-I_SS_II_Q2_baseline_sat0.01__PbI2He,LBE-I_SS_II_Q2_baseline_sat0.01,transport,0.14987715163775264,0.15081840553103237,-0.0010866239434594545,0.0018278962716888891
