x_m,wall_60s_wedge_mol,late_rate_wedge_mol_s,projected_wall_wedge_mol
-8.673617379884035e-19,0.0,0.0,0.0
0.009999999999999997,0.0,0.0,0.0
0.019999999999999997,0.0,0.0,0.0
0.029999999999999995,0.0,0.0,0.0
0.039999999999999994,0.0,0.0,0.0
0.04999999999999999,0.0,0.0,0.0
0.05999999999999999,0.0,0.0,0.0
0.06999999999999998,0.0,0.0,0.0
0.07999999999999999,0.0,0.0,0.0
0.08999999999999997,0.0,0.0,0.0
0.09999999999999998,0.0,0.0,0.0
0.10999999999999999,0.0,0.0,0.0
0.11999999999999997,0.0,0.0,0.0
0.12999999999999998,0.0,0.0,0.0
0.13999999999999999,0.0,0.0,0.0
0.14999999999999997,0.0,0.0,0.0
0.15999999999999998,0.0,0.0,0.0
0.16999999999999996,0.0,0.0,0.0
0.17999999999999997,0.0,0.0,0.0
0.18999999999999995,0.0,0.0,0.0
0.19999999999999996,0.0,0.0,0.0
0.20999999999999996,0.0,0.0,0.0
0.21999999999999997,0.0,0.0,0.0
0.22999999999999998,0.0,0.0,0.0
0.23999999999999994,0.0,0.0,0.0
0.24999999999999994,0.0,0.0,0.0
0.25999999999999995,0.0,0.0,0.0
0.26999999999999996,0.0,0.0,0.0
0.2799999999999999,0.0,0.0,0.0
0.2899999999999999,0.0,0.0,0.0
0.29999999999999993,0.0,0.0,0.0
0.30999999999999994,0.0,0.0,0.0
0.31999999999999995,0.0,0.0,0.0
0.3299999999999999,0.0,0.0,0.0
0.33999999999999997,0.0,0.0,0.0
0.35,0.0,0.0,0.0
0.35999999999999993,0.0,0.0,0.0
0.36999999999999994,0.0,0.0,0.0
0.37999999999999995,0.0,0.0,0.0
0.3899999999999999,0.0,0.0,0.0
0.3999999999999999,0.0,0.0,0.0
0.4099999999999999,0.0,0.0,0.0
0.41999999999999993,0.0,0.0,0.0
0.42999999999999994,0.0,0.0,0.0
0.43999999999999995,0.0,0.0,0.0
0.44999999999999996,0.0,0.0,0.0
0.45999999999999996,0.0,0.0,0.0
0.4699999999999999,0.0,0.0,0.0
0.47999999999999987,0.0,0.0,0.0
0.4899999999999999,0.0,0.0,0.0
0.4999999999999999,0.0,0.0,0.0
0.5099999999999999,0.0,0.0,0.0
0.5199999999999999,0.0,0.0,0.0
0.5299999999999999,0.0,0.0,0.0
0.5399999999999998,0.0,0.0,0.0
0.5499999999999998,2.4531138204401844e-11,4.4266789463824114e-13,4.778784326619111e-09
0.5599999999999999,3.624009723370684e-11,6.495479024819132e-13,7.012384569889455e-09
0.5699999999999998,1.2233103128374743e-11,2.1814592585255533e-13,2.355120346784819e-09
0.5799999999999998,5.431513503429502e-12,9.656836829835237e-14,1.042575789027734e-09
0.59,1.5969337721333261e-12,2.833691431642254e-14,3.059353935305114e-10
0.5999999999999999,4.899309336046858e-13,8.681189122539095e-15,9.372590210967457e-11
0.6099999999999999,1.145817841284778e-13,2.027754899316547e-15,2.189266940278819e-11
0.6199999999999999,2.1723357652550445e-14,3.8402641865156495e-16,4.146167093970358e-12
0.6299999999999999,1.617572022086407e-11,2.9748631906314135e-13,3.2111787869590023e-09
0.6399999999999999,8.627994926101944e-12,1.5672204736125513e-13,1.691822783585982e-09
0.6499999999999999,6.050864264829414e-13,1.0897137034402457e-14,1.1764033817596533e-10
0.6599999999999999,1.9455533746269626e-14,3.4883903164170907e-16,3.765986733578225e-12
0.6699999999999999,6.476124255484815e-16,1.15670963673153e-17,1.248782274105148e-13
0.6799999999999998,6.466853500547048e-17,1.1515294477356326e-18,1.2432094803686164e-14
0.69,1.3508259060432348e-17,2.4072153678210827e-19,2.598857564100275e-15
0.7,1.8846703353023107e-18,3.37675353497014e-20,3.6454799999109533e-16
0.7099999999999999,1.3480799090319613e-18,2.4218805109405535e-20,2.614580467840474e-16
0.7199999999999999,9.290636551410663e-19,1.6757188028797908e-20,1.809012630844306e-16
0.7299999999999999,6.1802716217385235e-19,1.1173376738720314e-20,1.2062009333603001e-16
0.7399999999999999,4.294611793467334e-19,7.79371188177492e-21,8.413392678960938e-17
0.7499999999999999,6.181056108286998e-19,1.1246357858330553e-20,1.2140398900929883e-16
0.7599999999999999,1.2901280381807392e-19,2.3648943055988923e-21,2.552797764595018e-17
0.7699999999999999,1.0638076273739032e-21,1.9924448772256623e-23,2.1505238744141002e-19
0.7799999999999998,1.223378771480601e-20,2.291311608810659e-22,2.4731024555774543e-18
0.7899999999999998,6.660013178272689e-20,1.2480108309378828e-21,1.3470236456055589e-17
0.7999999999999998,0.0,0.0,0.0
0.8099999999999998,0.0,0.0,0.0
0.8199999999999998,0.0,0.0,0.0
0.8299999999999998,0.0,0.0,0.0
0.8399999999999999,0.0,0.0,0.0
0.8499999999999999,0.0,0.0,0.0
0.8599999999999999,0.0,0.0,0.0
0.8699999999999999,0.0,0.0,0.0
0.8799999999999999,0.0,0.0,0.0
0.8899999999999999,0.0,0.0,0.0
0.8999999999999998,0.0,0.0,0.0
0.9099999999999999,0.0,0.0,0.0
0.9199999999999999,0.0,0.0,0.0
0.9299999999999998,0.0,0.0,0.0
0.9399999999999998,0.0,0.0,0.0
0.9499999999999998,0.0,0.0,0.0
0.9599999999999999,0.0,0.0,0.0
0.9699999999999998,0.0,0.0,0.0
0.9799999999999998,0.0,0.0,0.0
0.9899999999999998,0.0,0.0,0.0
0.9999999999999998,0.0,0.0,0.0
1.0099999999999998,0.0,0.0,0.0
1.02,0.0,0.0,0.0
1.0299999999999998,0.0,0.0,0.0
1.04,0.0,0.0,0.0
1.0499999999999998,0.0,0.0,0.0
1.0599999999999998,0.0,0.0,0.0
1.0699999999999998,0.0,0.0,0.0
1.08,0.0,0.0,0.0
1.0899999999999999,0.0,0.0,0.0
1.0999999999999999,0.0,0.0,0.0
1.1099999999999999,0.0,0.0,0.0
1.1199999999999999,0.0,0.0,0.0
1.13,0.0,0.0,0.0
1.1400000000000001,0.0,0.0,0.0
1.15,0.0,0.0,0.0
1.16,0.0,0.0,0.0
1.17,0.0,0.0,0.0
1.18,0.0,0.0,0.0
1.19,0.0,0.0,0.0
1.2,0.0,0.0,0.0
1.21,0.0,0.0,0.0
1.2199999999999998,0.0,0.0,0.0
1.23,0.0,0.0,0.0
1.2399999999999998,0.0,0.0,0.0
1.25,0.0,0.0,0.0
