experiment,species,source_species_mass_mg,mass_basis,measured_peak_C,uncertainty_K,published_eq3_C,published_gem_C,iodine_yield_pct,scope,source_table,source_page
PbI2_SiO2_I,PbI2,7.4,initial_sample,351,20,355,350,,M10,3,5207
PbI2_SiO2_II,PbI2,10.6,initial_sample,369,20,362,357,,M10,3,5207
PbI2_SS,PbI2,14.6,initial_sample,368,18,369,365,,M10,3,5207
BiI3_SiO2_550,BiI3,6.0,initial_sample,181,9,212,205,,M10,4,5208
BiI3_SiO2_800,BiI3,19.2,initial_sample,206,13,230,222,,M10,4,5208
BiI_SiO2_550,BiI3,42.4,disproportionation_equivalent,235,11,242,235,,M10,4,5208
BiI_SiO2_800,BiI3,16.4,disproportionation_equivalent,206,13,227,220,,M10,4,5208
LBE-I_SS_I,BiI3,0.114,inferred_deposit,142,32,170,,46.2,M10,5,5213
LBE-I_SS_I,PbI2,0.155,inferred_deposit,280,19,302,,53.8,M10,5,5213
LBE-I_SS_II,BiI3,0.181,inferred_deposit,154,14,176,,61.3,M10,5,5213
LBE-I_SS_II,PbI2,0.111,inferred_deposit,288,18,297,,32.1,M10,5,5213
LBE-I_SS_II,KI,0.0165,inferred_deposit,436,16,458,,6.6,diagnostic,5,5213
LBE-I_SiO2_I,BiI3,0.085,inferred_deposit,127,39,167,,27.0,M10,5,5213
LBE-I_SiO2_I,PbI2,0.243,inferred_deposit,306,24,309,,66.0,M10,5,5213
LBE-I_SiO2_I,KI,0.0186,inferred_deposit,433,15,461,,7.0,diagnostic,5,5213
LBE-I_SiO2_II,BiI3,0.007,inferred_deposit,106,37,139,,87.4,M10,5,5213
LBE-I_SiO2_II,PbI2,0.0012,inferred_deposit,207,21,234,,12.6,M10,5,5213
