x_m,T_K
0.015,1154.5623673618734
0.016,1153.6768935236005
0.017,1152.7914196853274
0.018000000000000002,1151.9059458470547
0.019000000000000003,1151.0204720087816
0.020000000000000004,1148.5738321746553
0.021000000000000005,1142.9658311989267
0.022000000000000006,1137.3578302231979
0.023000000000000007,1133.1134101719722
0.024000000000000007,1131.6644529820708
0.02500000000000001,1130.778979143798
0.02600000000000001,1129.5568788876692
0.02700000000000001,1128.1298755945845
0.02800000000000001,1123.7317782656419
0.029000000000000012,1113.9915660446393
0.030000000000000013,1107.5444383461397
0.031000000000000014,1106.1467069154774
0.032000000000000015,1105.2612330772045
0.033000000000000015,1104.3757592389316
0.034000000000000016,1103.4902854006586
0.03500000000000002,1098.3786864251738
0.03600000000000002,1088.1957372850343
0.03700000000000002,1083.2268386388582
0.03800000000000002,1082.8389864617634
0.03900000000000002,1081.4997987559457
0.040000000000000015,1080.1752469813391
0.04100000000000002,1079.2970911086718
0.04200000000000003,1078.8433772411267
0.043000000000000024,1076.3903951701427
0.04400000000000002,1072.4943102817415
0.045000000000000026,1068.5982253933405
0.046000000000000034,1064.7021405049395
0.04700000000000003,1060.8060556165383
0.04800000000000002,1059.0995060373216
0.04900000000000003,1058.594566410538
0.05000000000000004,1057.1968349798756
0.05100000000000003,1055.9454628613244
0.052000000000000025,1055.0599890230517
0.05300000000000003,1054.1745151847786
0.05400000000000004,1053.8305708013172
0.055000000000000035,1054.0135199414563
0.05600000000000003,1054.3086778875472
0.05700000000000004,1054.6038358336382
0.058000000000000045,1054.8989937797292
0.05900000000000004,1055.1941517258201
0.06000000000000003,1055.489309671911
0.06100000000000004,1055.5868825466519
0.06200000000000005,1056.186955726308
0.06300000000000004,1056.4650384193194
0.06400000000000004,1057.6944566410539
0.06500000000000004,1058.2213501646543
0.06600000000000004,1058.8506952067326
0.06700000000000005,1059.7361690450057
0.06800000000000005,1061.3576211384666
0.06900000000000005,1063.2550650776227
0.07000000000000005,1065.1525090167793
0.07100000000000005,1067.0499529559356
0.07200000000000005,1068.9473968950917
0.07300000000000005,1070.8448408342483
0.07400000000000005,1072.7422847734047
0.07500000000000005,1073.15
0.07600000000000005,1073.852524698134
0.07700000000000005,1075.4478412001465
0.07800000000000006,1076.501628247347
0.07900000000000006,1077.3871020856202
0.08000000000000006,1080.028887669228
0.08100000000000004,1083.039498719356
0.08200000000000006,1086.0501097694842
0.08300000000000006,1089.0607208196125
0.08400000000000006,1092.0713318697403
0.08500000000000008,1093.2378155872666
0.08600000000000006,1094.1232894255397
0.08700000000000006,1095.0087632638126
0.08800000000000006,1095.8942371020858
0.08900000000000005,1096.7797109403587
0.09000000000000007,1097.6651847786316
0.09100000000000007,1098.5506586169045
0.09200000000000007,1100.5289486522747
0.09300000000000008,1102.5950542749117
0.09400000000000007,1104.6611598975487
0.09500000000000007,1106.7272655201855
0.09600000000000007,1108.7933711428223
0.09700000000000006,1110.8594767654595
0.09800000000000007,1110.910702524698
0.09900000000000007,1110.910702524698
0.10000000000000007,1112.667014270033
0.10100000000000009,1112.6816502012443
0.10200000000000008,1114.4233260153678
0.10300000000000008,1114.4233260153678
0.10400000000000008,1114.4233260153678
0.10500000000000007,1114.466014148067
0.10600000000000008,1115.4990669593853
0.10700000000000008,1116.5321197707037
0.10800000000000008,1117.5651725820221
0.1090000000000001,1118.5982253933407
0.11000000000000008,1119.631278204659
0.11100000000000008,1120.5704171240395
0.11200000000000009,1120.6582327113065
0.11300000000000007,1121.4485729967068
0.11400000000000009,1121.551024515185
0.11500000000000009,1122.3267288693742
0.11600000000000009,1122.3267288693742
0.1170000000000001,1122.3267288693742
0.11800000000000009,1122.3413648005853
0.11900000000000009,1122.4397507826156
0.12000000000000009,1122.538136764646
0.12100000000000008,1122.6365227466763
0.1220000000000001,1122.7349087287068
0.1230000000000001,1122.833294710737
0.1240000000000001,1122.9316806927673
0.1250000000000001,1123.0300666747976
0.1260000000000001,1123.128452656828
0.1270000000000001,1123.4024698133921
0.12800000000000009,1123.8781375777535
0.1290000000000001,1123.2048847420417
0.13000000000000012,1123.2048847420417
0.13100000000000012,1123.2048847420417
0.1320000000000001,1122.9707098426634
0.13300000000000012,1122.5682217343578
0.13400000000000012,1123.0390108549823
0.13500000000000012,1122.4486949628003
0.1360000000000001,1121.8583790706184
0.1370000000000001,1121.268063178436
0.13800000000000012,1120.6777472862543
0.13900000000000012,1120.0874313940722
0.1400000000000001,1119.4971155018904
0.14100000000000013,1118.9067996097083
0.14200000000000013,1118.3164837175264
0.14300000000000013,1117.621276984998
0.1440000000000001,1117.0577936333698
0.1450000000000001,1116.7284851811196
0.14600000000000013,1116.1796377607025
0.14700000000000013,1116.1796377607025
0.1480000000000001,1115.8283754116355
0.14900000000000013,1115.3014818880351
0.15000000000000013,1114.6611598975483
0.15100000000000013,1113.1115806805706
0.1520000000000001,1111.5620014635929
0.1530000000000001,1110.0124222466152
0.15400000000000014,1108.4628430296375
0.15500000000000014,1106.9132638126598
0.1560000000000001,1105.3636845956821
0.15700000000000014,1103.8141053787044
0.15800000000000014,1103.0072996706915
0.15900000000000014,1102.5755396999632
0.16000000000000014,1102.129143798024
0.16100000000000012,1101.2363519941455
0.16200000000000014,1099.9191181851443
0.16300000000000012,1099.0336443468714
0.16400000000000012,1098.6165203073547
0.16500000000000015,1098.6165203073547
0.16600000000000015,1096.974368825466
0.16700000000000015,1093.9637577753383
0.16800000000000012,1090.95314672521
0.16900000000000012,1087.9425356750817
0.17000000000000015,1084.9319246249538
0.17100000000000015,1083.6878704720089
0.17200000000000013,1084.2147639956092
0.17300000000000015,1083.497603366264
0.17400000000000013,1082.2681851445295
0.17500000000000016,1081.3827113062569
0.17600000000000016,1080.4972374679837
0.17700000000000013,1080.7387303329676
0.17800000000000016,1079.721533113794
0.17900000000000013,1077.655427491157
0.18000000000000013,1075.58932186852
0.18100000000000016,1073.5232162458833
0.18200000000000013,1071.4571106232465
0.18300000000000016,1069.3910050006093
0.18400000000000016,1068.1445115257957
0.18500000000000014,1067.2590376875228
0.18600000000000017,1066.3735638492499
0.18700000000000017,1065.4880900109767
0.18800000000000014,1065.2465971459933
0.18900000000000017,1064.5952982070983
0.19000000000000014,1064.368441273326
0.19100000000000017,1062.237449688986
0.19200000000000017,1059.4039334065124
0.19300000000000014,1056.570417124039
0.19400000000000017,1053.7369008415653
0.19500000000000015,1050.903384559092
0.19600000000000015,1050.3179473106475
0.19700000000000017,1049.608104646908
0.19800000000000015,1048.7226308086351
0.19900000000000018,1048.5616355653128
0.20000000000000018,1047.0980424442002
0.20100000000000015,1046.0662092938162
0.20200000000000018,1045.9271679473106
0.20300000000000018,1044.7427029428673
0.20400000000000015,1043.3512440541526
0.20500000000000018,1041.959785165438
0.20600000000000016,1040.5683262767234
0.20700000000000018,1039.1768673880088
0.20800000000000018,1037.785408499294
0.20900000000000016,1036.3939496105795
0.2100000000000002,1036.2674533479692
0.21100000000000016,1035.4551591657519
0.21200000000000016,1035.3892974753019
0.2130000000000002,1033.7354372484447
0.21400000000000016,1033.632985729967
0.2150000000000002,1032.7914196853274
0.2160000000000002,1032.7548298572997
0.21700000000000016,1031.4093696095342
0.2180000000000002,1030.0179107208191
0.2190000000000002,1028.6264518321047
0.22000000000000017,1027.2349929433901
0.2210000000000002,1025.8435340546753
0.22200000000000017,1024.4520751659607
0.2230000000000002,1023.0951152579582
0.2240000000000002,1023.0658433955358
0.22500000000000017,1022.1803695572628
0.2260000000000002,1021.3388035126235
0.22700000000000017,1021.2363519941453
0.22800000000000017,1019.5824917672886
0.2290000000000002,1019.5166300768384
0.23000000000000018,1018.7043358946213
0.2310000000000002,1018.6008389524851
0.2320000000000002,1017.4623725889913
0.23300000000000018,1016.3239062254976
0.2340000000000002,1015.1854398620038
0.2350000000000002,1014.0469734985099
0.23600000000000018,1012.9085071350162
0.2370000000000002,1011.7700407715223
0.23800000000000018,1010.6692096597144
0.2390000000000002,1009.9227771679473
0.2400000000000002,1009.7764178558358
0.2410000000000002,1009.0446212952799
0.24200000000000021,1008.8836260519574
0.2430000000000002,1008.1664654226125
0.2440000000000002,1007.9908342480787
0.24500000000000022,1007.059623124771
0.2460000000000002,1005.95278082693
0.24700000000000022,1004.8459385290886
0.24800000000000022,1003.7390962312473
0.2490000000000002,1002.6322539334061
0.2500000000000002,1001.525411635565
0.2510000000000002,1000.4185693377237
0.2520000000000002,999.3117270398828
0.2530000000000002,998.7482436882548
0.2540000000000002,999.1360958653491
0.2550000000000002,998.5067508232711
0.2560000000000002,997.9798572996704
0.25700000000000023,996.7504390779363
0.25800000000000023,996.4723563849248
0.2590000000000002,995.5868825466517
0.26000000000000023,994.6648188803509
0.26100000000000023,993.6686608122939
0.26200000000000023,992.6725027442369
0.26300000000000023,991.6763446761797
0.26400000000000023,990.6801866081227
0.26500000000000024,989.6840285400656
0.26600000000000024,988.6878704720085
0.26700000000000024,987.6917124039516
0.26800000000000024,987.0907244785949
0.26900000000000024,986.7321441639222
0.27000000000000024,985.8466703256491
0.27100000000000024,984.9611964873764
0.27200000000000024,984.4562568605927
0.27300000000000024,984.0684046834978
0.27400000000000024,983.1829308452247
0.2750000000000002,982.009965501019
0.27600000000000025,980.4920103496937
0.27700000000000025,978.9740551983688
0.27800000000000025,977.4561000470437
0.27900000000000025,975.9381448957186
0.28000000000000025,974.4201897443936
0.28100000000000025,972.9022345930684
0.28200000000000025,972.1620746432492
0.28300000000000025,972.1620746432492
0.28400000000000025,971.225375045737
0.28500000000000025,969.9300951335525
0.28600000000000025,969.0446212952797
0.28700000000000025,968.1591474570067
0.28800000000000026,968.2689169410907
0.28900000000000026,967.2187888766915
0.29000000000000026,964.7099463349183
0.2910000000000002,962.201103793145
0.29200000000000026,959.6922612513714
0.29300000000000026,957.183418709598
0.29400000000000026,954.6745761678249
0.29500000000000026,953.7208013172337
0.29600000000000026,953.1646359312108
0.29700000000000026,952.279162092938
0.29800000000000026,950.8228869374309
0.29900000000000027,949.0519392608849
0.30000000000000027,948.4518660812294
0.30100000000000027,947.8591108671787
0.30200000000000027,945.653476033662
0.30300000000000027,942.8199597511883
0.30400000000000027,939.986443468715
0.30500000000000027,937.1529271862415
0.30600000000000027,934.319410903768
0.3070000000000002,933.5232162458836
0.3080000000000003,932.879235272594
0.3090000000000003,931.3424624954258
0.3100000000000003,930.8887486278815
0.3110000000000003,930.2228137577749
0.3120000000000003,929.3373399195021
0.3130000000000003,929.1324368825466
0.3140000000000003,926.7936150750082
0.3150000000000003,923.7830040248803
0.3160000000000003,920.7723929747523
0.3170000000000003,917.761781924624
0.3180000000000003,914.751170874496
0.3190000000000003,914.2037870472009
0.3200000000000003,913.4719904866446
0.32100000000000023,913.3256311745334
0.3220000000000003,911.8327661909982
0.32300000000000023,910.8155689718255
0.3240000000000003,909.9300951335526
0.3250000000000003,908.0201061105006
0.32600000000000023,905.9540004878638
0.3270000000000003,903.8878948652268
0.32800000000000024,901.8217892425901
0.3290000000000003,899.7556836199531
0.3300000000000003,897.6895779973161
0.3310000000000003,897.5188254665203
0.3320000000000003,896.6992133186972
0.33300000000000024,895.8137394804241
0.3340000000000003,894.094017563117
0.3350000000000003,894.0062019758507
0.3360000000000003,892.3084339553599
0.3370000000000003,891.3936882546649
0.33800000000000024,889.7680544665722
0.33900000000000025,888.1236030526366
0.3400000000000003,886.4791516387011
0.3410000000000003,884.8347002247656
0.3420000000000003,883.19024881083
0.34300000000000025,881.5457973968947
0.34400000000000025,879.9264361507497
0.3450000000000003,879.0409623124768
0.3460000000000003,878.1993962678375
0.3470000000000003,878.0969447493591
0.3480000000000003,876.3845407976579
0.34900000000000025,875.499066959385
0.3500000000000003,874.6867727771679
0.3510000000000003,874.4855287230143
0.3520000000000003,872.271844127332
0.3530000000000003,870.0581595316495
0.35400000000000026,867.8444749359671
0.35500000000000026,865.6307903402848
0.3560000000000003,863.4171057446024
0.3570000000000003,861.3900292718622
0.3580000000000003,860.5045554335892
0.3590000000000003,859.6190815953162
0.36000000000000026,858.5872484449317
0.3610000000000003,856.969978046103
0.3620000000000003,856.2454994511526
0.3630000000000003,855.85276863032
0.3640000000000003,853.786663007683
0.36500000000000027,851.7205573850465
0.3660000000000003,849.6544517624093
0.3670000000000003,847.5883461397725
0.3680000000000003,845.5222405171355
0.3690000000000003,843.7390962312473
0.3700000000000003,843.0731613611416
0.3710000000000003,842.8463044273689
0.37200000000000033,841.9608305890961
0.37300000000000033,841.075356750823
0.37400000000000033,840.1898829125499
0.3750000000000003,839.560537870472
0.3760000000000003,838.9960090951852
0.37700000000000033,837.0985651560289
0.37800000000000034,835.2011212168727
0.37900000000000034,833.303677277716
0.38000000000000034,831.4062333385597
0.3810000000000003,829.5087893994034
0.38200000000000034,827.6113454602471
0.38300000000000034,826.388199780461
0.38400000000000034,826.066209293816
0.38500000000000034,825.180735455543
0.3860000000000003,824.2952616172701
0.3870000000000003,823.7537321624588
0.38800000000000034,823.7537321624588
0.38900000000000035,822.8572813757766
0.39000000000000035,820.6435967800944
0.39100000000000035,818.4299121844119
0.3920000000000003,816.2162275887298
0.39300000000000035,814.0025429930472
0.39400000000000035,811.7888583973647
0.39500000000000035,810.1789059641416
0.39600000000000035,809.2934321258685
0.3970000000000003,808.4079582875958
0.39800000000000035,807.5224844493229
0.39900000000000035,806.2052506403214
0.40000000000000036,805.3124588364434
0.40100000000000036,804.8660629345039
0.4020000000000003,803.2243993169891
0.4030000000000003,800.8631357482612
0.40400000000000036,798.5018721795332
0.40500000000000036,796.1406086108054
0.40600000000000036,793.7793450420774
0.4070000000000003,791.4180814733497
0.4080000000000003,789.8861873399192
0.40900000000000036,789.0007135016463
0.41000000000000036,788.6274972557628
0.41100000000000037,787.5883461397725
0.41200000000000037,786.8711855104281
0.4130000000000003,786.3369740212219
0.41400000000000037,784.5489510915957
0.41500000000000037,782.1876875228679
0.41600000000000037,779.82642395414
0.41700000000000037,777.4651603854118
0.4180000000000003,775.1038968166843
0.4190000000000003,772.7426332479561
0.4200000000000004,771.9425356750824
0.4210000000000004,770.7570252469807
0.4220000000000004,769.5861507500912
0.4230000000000004,768.7006769118182
0.4240000000000003,768.4299121844127
0.4250000000000004,767.8078851079397
0.4260000000000004,765.8735028662022
0.4270000000000004,763.5122392974744
0.4280000000000004,761.1509757287463
0.4290000000000003,758.7897121600186
0.4300000000000004,756.4284485912907
0.4310000000000004,754.0671850225629
0.4320000000000004,752.8280095133549
0.4330000000000004,751.9425356750818
0.43400000000000033,751.7449506037321
0.43500000000000033,750.3545371386749
0.4360000000000004,749.286114160263
0.4370000000000004,748.4006403219902
0.4380000000000004,748.2323271130625
0.43900000000000033,745.9139956092195
0.44000000000000034,743.080479326746
0.4410000000000004,740.2469630442725
0.4420000000000004,737.4134467617993
0.4430000000000004,734.5799304793254
0.4440000000000004,734.1818331503841
0.44500000000000034,733.4134467617998
0.4460000000000004,732.5279729235269
0.4470000000000004,730.8594767654583
0.4480000000000004,730.6692096597146
0.4490000000000004,729.871551408708
0.45000000000000034,728.9860775704351
0.45100000000000035,727.0175448225385
0.4520000000000004,724.9514391999018
0.4530000000000004,722.8853335772648
0.4540000000000004,720.8192279546276
0.4550000000000004,718.753122331991
0.45600000000000035,716.687016709354
0.4570000000000004,715.7625137211851
0.4580000000000004,714.8770398829122
0.4590000000000004,713.1207281375771
0.4600000000000004,713.1060922063662
0.46100000000000035,712.2206183680934
0.4620000000000004,711.3156299548716
0.4630000000000004,709.2495243322346
0.4640000000000004,707.1834187095978
0.4650000000000004,705.1173130869608
0.46600000000000036,703.0512074643241
0.46700000000000036,700.9851018416874
0.4680000000000004,698.9970545188434
0.4690000000000004,698.1774423710208
0.4700000000000004,698.1042627149649
0.47100000000000036,697.2187888766919
0.47200000000000036,696.333315038419
0.4730000000000004,695.5429747530186
0.4740000000000004,695.4405232345405
0.4750000000000004,694.3355104280997
0.4760000000000004,691.6790889132808
0.47700000000000037,689.0226673984621
0.4780000000000004,686.3662458836434
0.4790000000000004,683.7098243688242
0.4800000000000004,681.0534028540053
0.4810000000000004,678.8580131723381
0.4820000000000004,678.6970179290154
0.4830000000000004,677.9798572996706
0.48400000000000043,677.6285949506027
0.48500000000000043,676.0405964141964
0.48600000000000043,675.1551225759234
0.48700000000000043,674.0438372275356
0.4880000000000004,672.1463932883792
0.48900000000000043,670.248949349223
0.49000000000000044,668.3515054100666
0.49100000000000044,666.4540614709103
0.49200000000000044,664.556617531754
0.4930000000000004,662.6591735925974
0.49400000000000044,661.2948957189901
0.49500000000000044,661.0387669227952
0.49600000000000044,659.8898463227215
0.49700000000000044,658.3896633735817
0.4980000000000004,657.7822722283205
0.4990000000000004,657.7822722283205
0.5000000000000004,657.1550180335574
0.5010000000000004,655.2575740944008
0.5020000000000004,653.3601301552444
0.5030000000000004,651.4626862160882
0.5040000000000004,649.5652422769322
0.5050000000000004,647.6677983377756
0.5060000000000004,645.7703543986191
0.5070000000000005,644.2659897548479
0.5080000000000005,643.3805159165747
0.5090000000000005,642.8536223929748
0.5100000000000005,642.1218258324179
0.5110000000000005,640.7240944017559
0.5120000000000005,640.2191547749726
0.5130000000000005,639.2495243322346
0.5140000000000005,637.035839736552
0.5150000000000005,634.8221551408699
0.5160000000000005,632.6084705451874
0.5170000000000005,630.3947859495049
0.5180000000000005,628.1811013538227
0.5190000000000005,627.0468166849616
0.5200000000000005,626.6077387486275
0.5210000000000005,625.7222649103546
0.5220000000000005,625.2905049396268
0.5230000000000005,624.8294731064759
0.5240000000000005,623.4756494694468
0.5250000000000005,622.6560373216246
0.5260000000000005,621.3680753750448
0.5270000000000005,619.0068118063166
0.5280000000000005,616.6455482375886
0.5290000000000005,614.2842846688609
0.5300000000000005,611.9230211001332
0.5310000000000005,609.5617575314052
0.5320000000000005,608.6055433589462
0.5330000000000005,608.0713318697398
0.5340000000000005,606.6443285766549
0.5350000000000005,605.971075740944
0.5360000000000005,604.8587449688978
0.5370000000000005,603.6512806439806
0.5380000000000005,601.8144712769838
0.5390000000000005,599.4532077082561
0.5400000000000005,597.091944139528
0.5410000000000005,594.7306805708004
0.5420000000000005,592.3694170020722
0.5430000000000005,590.0081534333444
0.5440000000000005,588.6714050493958
0.5450000000000005,588.4079582875961
0.5460000000000005,587.1492682034386
0.5470000000000005,586.014983534577
0.5480000000000005,585.129509696304
0.5490000000000005,584.8953347969264
0.5500000000000005,582.3925905598228
0.5510000000000005,579.0277899743851
0.5520000000000005,575.6629893889485
0.5530000000000005,572.2981888035108
0.5540000000000005,568.9333882180739
0.5550000000000005,568.2103732162459
0.5560000000000005,567.5078485181114
0.5570000000000005,566.6223746798385
0.5580000000000005,565.7369008415657
0.5590000000000005,564.8514270032927
0.5600000000000005,563.2341566044631
0.5610000000000005,560.4284485912901
0.5620000000000005,557.4178375411622
0.5630000000000005,554.4072264910342
0.5640000000000005,551.3966154409059
0.5650000000000005,548.3860043907779
0.5660000000000005,548.0127881448957
0.5670000000000005,547.2297658251002
0.5680000000000005,547.1346322722284
0.5690000000000005,546.3369740212217
0.5700000000000005,545.4515001829486
0.5710000000000005,544.5660263446756
0.5720000000000005,544.5001646542262
0.5730000000000005,541.3578302231963
0.5740000000000005,537.993029637759
0.5750000000000005,534.6282290523218
0.5760000000000005,531.2634284668846
0.5770000000000005,527.8986278814469
0.5780000000000005,527.8152030735455
0.5790000000000005,526.9443651664832
0.5800000000000005,525.1807354555433
0.5810000000000005,525.1734174899373
0.5820000000000005,524.2879436516642
0.5830000000000005,523.3585620197571
0.5840000000000005,520.7021405049385
0.5850000000000005,518.0457189901193
0.5860000000000005,515.3892974753005
0.5870000000000005,512.7328759604816
0.5880000000000005,510.0764544456624
0.5890000000000005,507.68347969264585
0.5900000000000005,508.4225942188066
0.5910000000000005,507.4566227588722
0.5920000000000005,505.68567508232604
0.5930000000000005,504.00986095865306
0.5940000000000005,503.22683863885834
0.5950000000000005,502.83166849615657
0.5960000000000005,499.64396267837367
0.5970000000000005,496.4562568605909
0.5980000000000005,493.2685510428083
0.5990000000000005,490.080845225026
0.6000000000000005,487.2736736187335
0.6010000000000005,486.5418770581778
0.6020000000000005,486.380881814855
0.6030000000000005,485.49540797658193
0.6040000000000005,484.43430296377517
0.6050000000000005,483.02925356750825
0.6060000000000005,482.2681851445281
0.6070000000000005,478.7262897914359
0.6080000000000005,475.18439443834404
0.6090000000000005,471.6424990852522
0.6100000000000005,468.10060373216083
0.6110000000000005,465.6929930479333
0.6120000000000005,466.1101170874491
0.6130000000000005,465.2246432491762
0.6140000000000005,464.33916941090337
0.6150000000000005,463.4536955726305
0.6160000000000005,462.5682217343573
0.6170000000000005,460.9246066593471
0.6180000000000005,457.5598060739096
0.6190000000000005,454.1950054884726
0.6200000000000006,450.83020490303545
0.6210000000000006,447.4654043175976
0.6220000000000006,444.6538419319419
0.6230000000000006,443.19756677643556
0.6240000000000006,442.31209293816266
0.6250000000000006,441.0973106476391
0.6260000000000006,439.99961580680565
0.6270000000000006,437.706653250393
0.6280000000000006,431.80349432857327
0.6290000000000006,425.9003354067536
0.6300000000000006,422.0706000731794
0.6310000000000006,421.1851262349061
0.6320000000000006,419.9191181851436
0.6330000000000006,418.53602268569296
0.6340000000000006,418.0457189901207
0.6350000000000006,413.4171057445981
0.6360000000000006,403.23415660445784
0.6370000000000006,397.4310098792532
0.6380000000000006,396.54553604098
0.6390000000000006,395.66006220270714
0.6400000000000006,394.7745883644343
0.6410000000000005,393.44271862422147
0.6420000000000005,392.1254848152208
0.6430000000000006,386.39917672886503
0.6440000000000006,376.21622758872365
0.6450000000000006,370.55212221002427
0.6460000000000005,369.2641602634462
0.6470000000000006,368.3786864251733
0.6480000000000006,367.4932125869005
0.6490000000000006,366.6077387486272
0.6500000000000006,363.2890413465026
0.6510000000000005,358.1975667764337
0.6520000000000006,353.10609220636354
0.6530000000000006,348.01461763629464
0.6540000000000006,346.03693743139405
0.6550000000000006,344.39039517014106
0.6560000000000005,343.40246981339186
0.6570000000000006,342.2755031101342
0.6580000000000006,341.0753567508228
0.6590000000000006,338.8023966337339
0.6600000000000006,335.7917855836059
0.6610000000000005,332.78117453347824
0.6620000000000006,329.7705634833498
0.6630000000000006,326.7599524332222
0.6640000000000006,325.8393523600439
0.6650000000000006,325.8393523600439
0.6660000000000005,325.21000731796516
0.6670000000000006,323.6878704720077
0.6680000000000006,322.56090376875204
0.6690000000000006,322.3267288693743
0.6700000000000006,322.3267288693743
0.6710000000000005,321.37539334065076
0.6720000000000006,320.11043071454657
0.6730000000000005,318.8454680884424
0.6740000000000006,317.5805054623378
0.6750000000000006,316.3155428362336
0.6760000000000006,315.0505802101294
0.6770000000000006,313.7856175840252
0.6780000000000005,313.54517014270033
0.6790000000000006,313.54517014270033
0.6800000000000006,312.81337358214364
0.6810000000000006,311.92789974387074
0.6820000000000006,311.7888583973655
0.6830000000000005,311.03510793999243
0.6840000000000006,310.1496341017192
0.6850000000000006,309.5523051591653
0.6860000000000006,308.998884010245
0.6870000000000006,308.44546286132424
0.6880000000000005,307.8920417124035
0.6890000000000006,307.3386205634828
0.6900000000000006,306.78519941456244
0.6910000000000006,306.2317782656417
0.6920000000000006,305.678357116721
0.6930000000000005,306.46869740212253
0.6940000000000006,306.51992316136113
0.6950000000000006,306.51992316136113
0.6960000000000006,306.51992316136113
0.6970000000000006,306.51992316136113
0.6980000000000005,305.65640321990463
0.6990000000000006,305.6417672886937
0.7000000000000006,304.7636114160263
0.7010000000000006,304.66522543399583
0.7020000000000006,304.56683945196573
0.7030000000000007,304.46845346993524
0.7040000000000006,304.37006748790515
0.7050000000000005,304.27168150587465
0.7060000000000006,304.17329552384416
0.7070000000000006,304.07490954181407
0.7080000000000006,303.9765235597836
0.7090000000000006,303.88545554335894
0.7100000000000005,303.8122758873028
0.7110000000000006,303.0072996706915
0.7120000000000006,303.0072996706915
0.7130000000000006,303.0072996706915
0.7140000000000006,303.0072996706915
0.7150000000000005,303.0072996706915
0.7160000000000006,302.9812802374273
0.7170000000000006,302.78450827336667
0.7180000000000006,302.5877363093057
0.7190000000000006,302.3909643452451
0.7200000000000005,302.1941923811845
0.7210000000000006,301.9974204171239
0.7220000000000006,301.80064845306333
0.7230000000000006,301.60387648900235
0.7240000000000006,301.40710452494176
0.7250000000000005,301.25098792535675
0.7260000000000006,301.25098792535675
0.7270000000000006,301.25098792535675
0.7280000000000006,301.25098792535675
0.7290000000000006,301.03876692279493
0.7300000000000005,300.3728320526893
0.7310000000000006,300.5996889864624
0.7320000000000007,301.19894905882825
0.7330000000000007,301.00217709476766
0.7340000000000007,300.8054051307067
0.7350000000000005,300.6086331666461
0.7360000000000007,300.4118612025855
0.7370000000000005,300.2150892385249
0.7380000000000007,300.0183172744643
0.7390000000000007,299.82154531040374
0.7400000000000007,299.62477334634275
0.7410000000000007,299.49467618002194
0.7420000000000005,299.49467618002194
0.7430000000000007,299.49467618002194
0.7440000000000007,299.49467618002194
0.7450000000000007,299.49467618002194
0.7460000000000007,299.1580497621654
0.7470000000000006,298.61652030735456
0.7480000000000007,298.577491157458
0.7490000000000007,298.4791051754279
0.7500000000000007,298.3807191933974
0.7510000000000007,298.2823332113673
0.7520000000000006,298.1839472293368
0.7530000000000007,298.0855612473063
0.7540000000000007,297.9871752652762
0.7550000000000007,297.8887892832457
0.7560000000000007,297.79040330121563
0.7570000000000006,298.15548847420445
0.7580000000000007,298.1920783022313
0.7590000000000007,297.7383644346871
0.7600000000000007,297.7383644346871
0.7610000000000007,297.7383644346871
0.7620000000000006,297.7383644346871
0.7630000000000007,298.199396267838
0.7640000000000007,298.61652030735456
0.7650000000000007,298.5570618368092
0.7660000000000007,298.4463776070253
0.7670000000000008,298.335693377241
0.7680000000000007,298.2250091474571
0.7690000000000006,298.1143249176728
0.7700000000000007,298.0036406878885
0.7710000000000007,297.89295645810455
0.7720000000000007,297.78227222832027
0.7730000000000007,298.2725759238937
0.7740000000000006,298.07499085254244
0.7750000000000007,297.7383644346871
0.7760000000000007,297.7383644346871
0.7770000000000007,297.7383644346871
0.7780000000000007,297.7383644346871
0.7790000000000006,297.7383644346871
0.7800000000000007,297.7383644346871
0.7810000000000007,297.7383644346871
0.7820000000000007,297.7383644346871
0.7830000000000007,297.7383644346871
0.7840000000000006,297.7383644346871
0.7850000000000007,297.7383644346871
0.7860000000000007,297.7383644346871
0.7870000000000007,297.7383644346871
0.7880000000000007,297.7383644346871
0.7890000000000006,297.7383644346871
0.7900000000000007,297.0797475301858
0.7910000000000007,297.52614343212656
0.7920000000000007,297.7383644346871
0.7930000000000007,297.7383644346871
0.7940000000000006,297.7383644346871
0.7950000000000007,297.7383644346871
