x_m,full_column_iodine_wall_mol_m,predicted_relative_yield_percent,figure_relative_yield_percent
-8.673617379884035e-19,0.0,0.0,
0.009999999999999997,0.0,0.0,
0.019999999999999997,0.0,0.0,
0.029999999999999995,0.0,0.0,
0.039999999999999994,0.0,0.0,
0.04999999999999999,0.0,0.0,
0.05999999999999999,0.0,0.0,
0.06999999999999998,0.0,0.0,
0.07999999999999999,0.0,0.0,
0.08999999999999997,0.0,0.0,
0.09999999999999998,0.0,0.0,
0.10999999999999999,0.0,0.0,
0.11999999999999997,0.0,0.0,
0.12999999999999998,0.0,0.0,
0.13999999999999999,0.0,0.0,
0.14999999999999997,0.0,0.0,
0.15999999999999998,0.0,0.0,
0.16999999999999996,0.0,0.0,
0.17999999999999997,0.0,0.0,
0.18999999999999995,0.0,0.0,
0.19999999999999996,0.0,0.0,
0.20999999999999996,0.0,0.0,
0.21999999999999997,0.0,0.0,
0.22999999999999998,0.0,0.0,
0.23999999999999994,0.0,0.0,
0.24999999999999994,0.0,0.0,
0.25999999999999995,0.0,0.0,
0.26999999999999996,0.0,0.0,
0.2799999999999999,0.0,0.0,
0.2899999999999999,0.0,0.0,
0.29999999999999993,0.0,0.0,
0.30999999999999994,0.0,0.0,
0.31999999999999995,0.0,0.0,
0.3299999999999999,0.0,0.0,
0.33999999999999997,0.0,0.0,
0.35,0.0,0.0,
0.35999999999999993,0.0,0.0,
0.36999999999999994,0.0,0.0,
0.37999999999999995,0.0,0.0,
0.3899999999999999,0.0,0.0,
0.3999999999999999,0.0,0.0,
0.4099999999999999,0.0,0.0,0.0
0.41999999999999993,0.0,0.0,5.204081632653061
0.42999999999999994,0.0,0.0,5.0
0.43999999999999995,0.0,0.0,0.0
0.44999999999999996,0.0,0.0,0.0
0.45999999999999996,0.0,0.0,0.0
0.4699999999999999,0.0,0.0,0.0
0.47999999999999987,0.0,0.0,0.0
0.4899999999999999,0.0,0.0,0.0
0.4999999999999999,0.0,0.0,0.0
0.5099999999999999,0.0,0.0,31.598639455782312
0.5199999999999999,0.0,0.0,21.3265306122449
0.5299999999999999,0.0,0.0,9.081632653061224
0.5399999999999998,0.0,0.0,1.2585034013605443
0.5499999999999998,2.3286127641477645e-07,28.224271455352802,0.0
0.5599999999999999,2.897039716632672e-07,35.113968555911164,0.0
0.5699999999999998,1.3655022562591932e-07,16.550758007916563,0.0
0.5799999999999998,6.063182057107588e-08,7.348963249613529,8.80952380952381
0.59,2.0047796808509925e-08,2.4299208005596404,15.748299319727892
0.5999999999999999,6.040558578233651e-09,0.7321542150715623,1.9387755102040816
0.6099999999999999,1.404749252227612e-09,0.17026456623450698,2.2789115646258504
0.6199999999999999,2.658878814841556e-10,0.032227306571704396,0.0
0.6299999999999999,4.094741637768194e-10,0.04963087951044593,0.0
0.6399999999999999,1.4619469238191964e-08,1.771972887312241,0.0
0.6499999999999999,4.290399888277081e-09,0.5200238226086649,0.0
0.6599999999999999,4.235770859365222e-10,0.05134024359827427,
0.6699999999999999,3.4117128404517735e-11,0.00413521349788973,
0.6799999999999998,2.747536559081381e-12,0.00033301894961225583,
0.69,2.4997532841873105e-13,3.0298603679660697e-05,
0.7,2.6087675215633707e-14,3.161992574555801e-06,
0.7099999999999999,7.256920261597096e-15,8.795850067760209e-07,
0.7199999999999999,3.890724489453092e-15,4.715806158887115e-07,
0.7299999999999999,2.9292045982361677e-15,3.550382742969372e-07,
0.7399999999999999,2.0757426927276834e-15,2.515932495648418e-07,
0.7499999999999999,1.979803081518304e-15,2.39964756962786e-07,
0.7599999999999999,5.606951965808239e-16,6.795983289132738e-08,
0.7699999999999999,1.4286527925907362e-16,1.7316182773860986e-08,
0.7799999999999998,2.6247093435147995e-16,3.1813150792323e-08,
0.7899999999999998,1.42242553342419e-17,1.724070442218075e-09,
0.7999999999999998,9.25757516094436e-19,1.1220771370136004e-10,
0.8099999999999998,6.075243357307471e-20,7.363582314499862e-12,
0.8199999999999998,3.562649928117383e-21,4.3181588720861424e-13,
0.8299999999999998,4.323321463349399e-29,5.240141274196879e-21,
0.8399999999999999,0.0,0.0,
0.8499999999999999,0.0,0.0,
0.8599999999999999,0.0,0.0,
0.8699999999999999,0.0,0.0,
0.8799999999999999,0.0,0.0,
0.8899999999999999,0.0,0.0,
0.8999999999999998,0.0,0.0,
0.9099999999999999,0.0,0.0,
0.9199999999999999,0.0,0.0,
0.9299999999999998,0.0,0.0,
0.9399999999999998,0.0,0.0,
0.9499999999999998,0.0,0.0,
0.9599999999999999,0.0,0.0,
0.9699999999999998,0.0,0.0,
0.9799999999999998,0.0,0.0,
0.9899999999999998,0.0,0.0,
0.9999999999999998,0.0,0.0,
1.0099999999999998,0.0,0.0,
1.02,0.0,0.0,
1.0299999999999998,0.0,0.0,
1.04,0.0,0.0,
1.0499999999999998,0.0,0.0,
1.0599999999999998,0.0,0.0,
1.0699999999999998,0.0,0.0,
1.08,0.0,0.0,
1.0899999999999999,0.0,0.0,
1.0999999999999999,0.0,0.0,
1.1099999999999999,0.0,0.0,
1.1199999999999999,0.0,0.0,
1.13,0.0,0.0,
1.1400000000000001,0.0,0.0,
1.15,0.0,0.0,
1.16,0.0,0.0,
1.17,0.0,0.0,
1.18,0.0,0.0,
1.19,0.0,0.0,
1.2,0.0,0.0,
1.21,0.0,0.0,
1.2199999999999998,0.0,0.0,
1.23,0.0,0.0,
1.2399999999999998,0.0,0.0,
1.25,0.0,0.0,
